{"type":"FeatureCollection","features":[{"type":"Feature","properties":{"name":"Erongo","osmId":2279555,"officialKm2":63539},"geometry":{"type":"Polygon","coordinates":[[[13.6327246,-21.1934613],[13.6876774,-21.2569465],[13.690424,-21.2627733],[13.6902094,-21.2775428],[13.7091377,-21.309069],[13.7419599,-21.3384574],[13.7479734,-21.3505263],[13.7474719,-21.3584052],[13.8074446,-21.4225392],[13.807784,-21.4279304],[13.8173059,-21.443295],[13.8210556,-21.4591746],[13.8617662,-21.5067683],[13.8629517,-21.5125577],[13.857311,-21.5228033],[13.8680801,-21.5438636],[13.8801876,-21.5875313],[13.9083711,-21.6241224],[13.9212656,-21.6467085],[13.9731717,-21.7090212],[13.9779916,-21.721108],[13.9795929,-21.7435209],[13.9726447,-21.7533167],[13.9658345,-21.7566636],[13.9608014,-21.7670426],[13.9516188,-21.7700018],[13.9502622,-21.7731186],[14.0501122,-21.8529539],[14.0653512,-21.8685035],[14.070619,-21.8844236],[14.1161844,-21.9262114],[14.1557993,-21.9832654],[14.1802436,-22.0051722],[14.2208764,-22.0567293],[14.2876473,-22.1319899],[14.2917101,-22.1411368],[14.2863384,-22.1532364],[14.287982,-22.163273],[14.3188199,-22.2024325],[14.3201745,-22.2081788],[14.3602896,-22.2458766],[14.3922481,-22.2815168],[14.4031137,-22.3029926],[14.4076279,-22.3196788],[14.4268057,-22.3534173],[14.4275433,-22.3725518],[14.4423839,-22.3994593],[14.4444305,-22.412008],[14.4545504,-22.4341541],[14.4539577,-22.4425708],[14.4581285,-22.4485031],[14.4604245,-22.4648657],[14.4689941,-22.4848671],[14.488062,-22.5079457],[14.5086238,-22.55301],[14.5111665,-22.5702532],[14.5054507,-22.5893131],[14.5207098,-22.6176703],[14.5276621,-22.6510269],[14.5234135,-22.6734453],[14.5200825,-22.674345],[14.524945,-22.6916607],[14.520565,-22.7011035],[14.529942,-22.7253494],[14.5279035,-22.7371782],[14.5211953,-22.7493758],[14.5336139,-22.7712427],[14.5437768,-22.8061443],[14.53823,-22.8425139],[14.5385786,-22.9006581],[14.524609,-22.9206723],[14.5100706,-22.9271916],[14.519303,-22.9265088],[14.4986393,-22.9493562],[14.4856969,-22.9560385],[14.4839661,-22.9533102],[14.4872212,-22.9475196],[14.4827951,-22.9456669],[14.4809898,-22.9533424],[14.4841253,-22.9568011],[14.480592,-22.9593559],[14.487091,-22.9636612],[14.4873458,-22.9713774],[14.4759437,-22.9799371],[14.4669235,-22.9989429],[14.463281,-23.0174567],[14.4577503,-23.0231642],[14.455626,-23.0193823],[14.468565,-22.9697043],[14.4745356,-22.9653232],[14.4742969,-22.9611372],[14.4536948,-22.9589416],[14.4487864,-22.9622312],[14.446249,-22.9709094],[14.440155,-22.9703019],[14.4315612,-22.9772757],[14.429512,-22.9738926],[14.4315988,-22.9651751],[14.434965,-22.964733],[14.4337365,-22.9544515],[14.4384676,-22.9457006],[14.4396186,-22.9318014],[14.4370651,-22.9286889],[14.4424054,-22.9211716],[14.4421291,-22.9154672],[14.4359105,-22.9086979],[14.4375104,-22.8964824],[14.4500536,-22.8682859],[14.4439557,-22.8699896],[14.4348711,-22.8807222],[14.4326341,-22.9272956],[14.4127858,-22.9412818],[14.4081348,-22.9508357],[14.4019952,-23.0118626],[14.4273394,-23.1038373],[14.484331,-23.2516623],[14.5007461,-23.3184938],[14.5003545,-23.3459449],[14.4929141,-23.36788],[14.4995016,-23.3542682],[14.4971806,-23.389617],[14.4924206,-23.3914757],[14.4859993,-23.4014406],[14.4773626,-23.4051575],[14.4728672,-23.4186951],[14.4811928,-23.4907265],[14.4798946,-23.5057754],[14.4758177,-23.5006199],[14.4688922,-23.4669074],[14.4607866,-23.4545459],[14.4615215,-23.447223],[14.459027,-23.4491473],[14.4575626,-23.4466128],[14.4585657,-23.4511355],[14.4568223,-23.4483648],[14.455398,-23.4514456],[14.4541749,-23.4448755],[14.450916,-23.4466078],[14.4551969,-23.4381623],[14.4526863,-23.4392303],[14.4535446,-23.4353962],[14.4623262,-23.4273634],[14.4538236,-23.4313356],[14.4575036,-23.425995],[14.4490117,-23.4335013],[14.4462061,-23.4318081],[14.4482499,-23.4143091],[14.4532952,-23.407139],[14.450916,-23.4066196],[14.4512486,-23.3963942],[14.4597512,-23.3862616],[14.4530618,-23.384036],[14.4524932,-23.3749464],[14.4671112,-23.3740551],[14.4513559,-23.3717358],[14.4420326,-23.3744441],[14.4331223,-23.3963647],[14.4385296,-23.4385413],[14.4862998,-23.5563703],[15.0791905,-23.6057356],[15.0826308,-23.6097889],[15.0926976,-23.6063915],[15.102436,-23.6194097],[15.1264366,-23.6238792],[15.1355753,-23.6356224],[15.1472214,-23.6324516],[15.1642932,-23.6343009],[15.1765688,-23.641512],[15.194452,-23.6395534],[15.1951903,-23.6443584],[15.2125532,-23.6519897],[15.218116,-23.6457055],[15.2243209,-23.644686],[15.2308411,-23.6477473],[15.2338087,-23.6563143],[15.2399496,-23.6553082],[15.2437793,-23.6597802],[15.2501952,-23.6593974],[15.2549101,-23.6522839],[15.2579914,-23.6586442],[15.2690804,-23.6667046],[15.2839059,-23.6679872],[15.2911975,-23.6651253],[15.297299,-23.6681931],[15.3034899,-23.6659553],[15.3103196,-23.6699404],[15.3176809,-23.6653809],[15.3238938,-23.6695354],[15.3337095,-23.6660439],[15.3434265,-23.6739409],[15.3458749,-23.6674166],[15.3495096,-23.6669459],[15.3590354,-23.677222],[15.3663449,-23.6761939],[15.3722337,-23.6809872],[15.3822623,-23.6792676],[15.3916328,-23.6855932],[15.4084818,-23.6782036],[15.4184352,-23.6815539],[15.4333737,-23.6794902],[15.4439123,-23.6814538],[15.4470551,-23.682799],[15.4471772,-23.6889344],[15.4574292,-23.6937401],[15.4539091,-23.7058524],[15.7432519,-23.7922618],[15.7649439,-23.8088785],[15.8328457,-23.8001738],[15.8365167,-23.8083472],[15.8429635,-23.8032063],[15.849476,-23.7950843],[15.8422613,-23.7892462],[15.8493798,-23.7315529],[15.8415211,-23.7037486],[15.8330453,-23.638872],[15.8413196,-23.5754092],[15.7406659,-23.510229],[15.8025481,-23.3874227],[15.8294265,-23.384479],[15.8285022,-23.3494176],[15.7966732,-23.2527003],[15.8075154,-23.2559429],[15.8093461,-23.2496456],[15.8145704,-23.2496969],[15.8200961,-23.2400965],[15.8291604,-23.2444044],[15.8537971,-23.2381579],[15.8540762,-23.2279719],[15.8652615,-23.2300235],[15.8703072,-23.2358294],[15.877283,-23.2343214],[15.8801454,-23.2319209],[15.8785018,-23.2262107],[15.8847113,-23.2192643],[15.8956402,-23.2245078],[15.9047306,-23.2187404],[15.910832,-23.2216735],[15.9187566,-23.2123373],[15.924153,-23.2168212],[15.9302146,-23.2154722],[15.937195,-23.218539],[15.9384617,-23.2139729],[15.9340269,-23.207203],[15.9432778,-23.2050192],[15.8865595,-23.1657097],[15.8668035,-23.1344653],[15.8951849,-22.8723524],[15.9069387,-22.8631817],[15.9857089,-22.8620693],[16.0016388,-22.8354814],[16.0679478,-22.8342127],[16.0732413,-22.718926],[16.0685888,-22.6897177],[15.9515482,-22.6948641],[16.0727848,-22.5739289],[16.1606876,-22.6060107],[16.2223842,-22.5666993],[16.2223839,-22.5412051],[16.2754898,-22.5067388],[16.2719863,-22.4995988],[16.3400149,-22.5054603],[16.3377506,-22.422837],[16.4160852,-22.3785347],[16.3949234,-22.333591],[16.3721381,-22.3158533],[16.3709951,-22.303829],[16.3829376,-22.3036435],[16.3854169,-22.3010716],[16.3786728,-22.2974925],[16.3624289,-22.2523166],[16.3279023,-22.2060596],[16.4110914,-22.1660218],[16.4198327,-22.1432033],[16.4445124,-22.1456994],[16.4449064,-22.1391463],[16.4095999,-22.0744222],[16.4589827,-22.0693348],[16.4505159,-22.0273532],[16.4515472,-22.0190843],[16.4656825,-21.9988358],[16.4521062,-21.991098],[16.4464973,-21.9768554],[16.4673209,-21.9245189],[16.4541306,-21.8926646],[16.4329886,-21.8950027],[16.4353034,-21.8558162],[16.3891331,-21.7422361],[16.4226082,-21.6253334],[16.4281206,-21.5287273],[16.514804,-21.434627],[16.5536682,-21.4073837],[16.5559645,-21.3988936],[16.526591,-21.3345261],[16.50652,-21.2666535],[16.5250971,-21.2378728],[16.5266244,-21.2211977],[16.5167459,-21.1747038],[16.4375689,-21.1821513],[16.4249005,-21.1726925],[16.4176247,-21.1754092],[16.4164247,-21.1706116],[16.4005065,-21.1700582],[16.3982155,-21.1675685],[16.3891361,-21.1692627],[16.3852279,-21.1377461],[16.3509668,-21.0986179],[16.3168948,-21.0936481],[16.2671348,-21.0450413],[16.2456986,-21.0038056],[16.1831492,-21.0422761],[16.1164941,-21.0053553],[16.1073253,-21.0191725],[16.1002281,-21.0110383],[16.0877671,-21.0108549],[16.0332864,-20.9504128],[15.8295033,-20.8477625],[15.7827042,-20.8130887],[15.7351279,-20.7673164],[15.7268697,-20.7656341],[15.7133984,-20.6954343],[15.6606202,-20.702876],[15.6046543,-20.6881373],[15.5728642,-20.670342],[15.5774854,-20.6057803],[15.5724597,-20.5580337],[15.5090255,-20.5421019],[15.4917083,-20.5424987],[15.450658,-20.4915889],[15.387431,-20.4918321],[15.3611662,-20.5091084],[15.36275,-20.518991],[15.3494634,-20.5392501],[15.3277243,-20.5403479],[15.3320967,-20.5547284],[15.3300522,-20.5680365],[15.3159566,-20.578119],[15.3112706,-20.5733429],[15.3069828,-20.5744654],[15.3069585,-20.584183],[15.2964941,-20.5810806],[15.2923934,-20.5928974],[15.2971209,-20.6026932],[15.2948708,-20.6084705],[15.2863379,-20.6152338],[15.2832726,-20.6244045],[15.2660986,-20.6213992],[15.2630178,-20.6243165],[15.2645731,-20.6364845],[15.2536941,-20.6395258],[15.2432977,-20.6553993],[15.2344617,-20.6517776],[15.2297242,-20.6577311],[15.2235105,-20.6578524],[15.2125892,-20.6674247],[15.1849354,-20.6804407],[15.1781768,-20.6915154],[15.1794022,-20.6986128],[15.171541,-20.7039241],[15.1723498,-20.7103193],[15.1662166,-20.7199913],[15.1508367,-20.735173],[15.1379454,-20.7372848],[15.1304067,-20.742206],[15.122896,-20.7578944],[15.1226762,-20.7702027],[15.1137137,-20.7710618],[15.1027272,-20.7778852],[15.0944539,-20.777073],[15.0940121,-20.7842758],[15.0762786,-20.7829264],[15.0740203,-20.7917438],[15.0661613,-20.7946215],[15.0602109,-20.8036341],[15.0553656,-20.8039569],[15.0493583,-20.7965849],[15.0442662,-20.7973275],[15.0411383,-20.8065332],[15.0304161,-20.8155442],[15.0178078,-20.8185806],[15.0080012,-20.8354025],[14.9866059,-20.8478977],[14.9841692,-20.8573905],[14.9678522,-20.8635436],[14.9651528,-20.8594224],[14.9598966,-20.8597702],[14.9553191,-20.8700606],[14.9570782,-20.8795016],[14.9413383,-20.8879427],[14.9332154,-20.8827731],[14.9329213,-20.8857293],[14.9231583,-20.8905083],[14.9266004,-20.9148449],[14.9248409,-20.9196954],[14.9167352,-20.9166726],[14.9096432,-20.9190084],[14.90628,-20.9123694],[14.8996281,-20.9108962],[14.8848134,-20.9164107],[14.8793467,-20.9195953],[14.8819245,-20.922434],[14.8786795,-20.9289133],[14.8644639,-20.9345506],[14.8526297,-20.9517417],[14.8384394,-20.9540647],[14.8248266,-20.9617972],[14.8161601,-20.98108],[14.7911641,-20.9869653],[14.7851455,-20.9969638],[14.7093709,-21.0152634],[14.6848665,-21.0129339],[14.6748156,-21.0178831],[14.6466011,-21.0180946],[14.6388857,-21.0150022],[14.6253789,-21.0156922],[14.6163619,-21.0079704],[14.608917,-21.0113246],[14.607388,-21.0063026],[14.6029807,-21.0063582],[14.6052079,-21.0002628],[14.5994406,-20.9977482],[14.5937267,-21.0001306],[14.5768802,-20.9882221],[14.5634878,-20.9889358],[14.5571744,-20.9843666],[14.5221916,-20.9753668],[14.5121813,-20.9884611],[14.4930489,-20.981909],[14.4604059,-20.9951325],[14.4508832,-20.9882601],[14.4387949,-20.9868827],[14.4380163,-20.9833629],[14.4320336,-20.9845489],[14.4310417,-20.9805126],[14.425846,-20.9801873],[14.4221255,-20.9720824],[14.4178722,-20.9725518],[14.4145771,-20.967117],[14.397598,-20.9702696],[14.3918207,-20.9665254],[14.3633365,-20.9756656],[14.3591459,-20.9840541],[14.3460977,-20.9869509],[14.338444,-20.9822679],[14.332055,-20.9850461],[14.3250553,-20.9833867],[14.3172324,-20.9884888],[14.3122769,-20.9839435],[14.2989203,-20.9811932],[14.2920268,-20.9885448],[14.2830805,-20.989282],[14.2812473,-20.9821985],[14.2733049,-20.9784069],[14.2649038,-20.9830924],[14.2567178,-20.970843],[14.2451858,-20.9645018],[14.2325105,-20.9687449],[14.222879,-20.9645834],[14.2219058,-20.9560563],[14.215381,-20.9591829],[14.2132829,-20.9638915],[14.2009351,-20.9507004],[14.1938799,-20.9512676],[14.1911833,-20.9574551],[14.1703898,-20.9543539],[14.1633991,-20.9569954],[14.1578722,-20.9493495],[14.1447801,-20.9544076],[14.1419903,-20.9603758],[14.1253273,-20.9652669],[14.1188741,-20.962389],[14.1132044,-20.9641211],[14.1061034,-20.9722427],[14.0945916,-20.9765217],[14.0887744,-20.971978],[14.0820687,-20.977401],[14.0718098,-20.9726388],[14.0641572,-20.976404],[14.0619405,-20.972434],[14.0516261,-20.9752424],[14.0434012,-20.9712393],[14.0124285,-20.9858435],[14.0039849,-20.9855379],[14.0001975,-20.9970411],[13.9861131,-20.9904309],[13.9770544,-20.9898898],[13.9649451,-21.0038186],[13.9467535,-21.0000505],[13.940235,-21.0028496],[13.9401102,-21.0098944],[13.9310304,-21.0229874],[13.924733,-21.0230683],[13.9128213,-21.0149459],[13.9023164,-21.0184597],[13.8921131,-21.0297474],[13.8828562,-21.030213],[13.8538732,-21.0410768],[13.8529172,-21.0459706],[13.8376997,-21.0562249],[13.8258992,-21.072085],[13.8196687,-21.0724847],[13.7959338,-21.0935927],[13.7764991,-21.1015617],[13.7526989,-21.1196734],[13.7427913,-21.1325362],[13.7195576,-21.1378593],[13.6991474,-21.1472147],[13.6691846,-21.1716619],[13.6344014,-21.1875191],[13.6327246,-21.1934613]]]}},{"type":"Feature","properties":{"name":"Hardap","osmId":2279556,"officialKm2":109781},"geometry":{"type":"Polygon","coordinates":[[[14.449786,-24.0106081],[14.4655147,-24.0989022],[14.499523,-24.2071049],[14.5297784,-24.2795895],[14.5694697,-24.3572912],[14.6105504,-24.447257],[14.6171647,-24.4867385],[14.6130998,-24.4911224],[14.6125647,-24.5116265],[14.5985717,-24.5337231],[14.5957151,-24.5535201],[14.6276414,-24.593656],[14.7291362,-24.7041642],[14.7476113,-24.7284243],[14.7702974,-24.7672424],[14.7991902,-24.8387084],[14.7972456,-24.8513844],[14.7926335,-24.8535639],[14.7975233,-24.8934924],[14.7943817,-24.9145175],[14.8044134,-24.9385217],[14.8422444,-25.0045971],[15.7745539,-25.002337],[15.8360668,-25.2792263],[15.9143983,-25.4552689],[15.9640426,-25.5851871],[15.9926133,-25.6200783],[16.0595202,-25.7150424],[16.0812526,-25.7297811],[16.1255667,-25.7921187],[16.2006489,-25.8673824],[16.2648529,-25.8248112],[16.337081,-25.8735172],[16.2898857,-25.6960592],[16.2707428,-25.5873278],[16.3764155,-25.5535043],[16.389455,-25.577379],[16.411965,-25.577433],[16.416862,-25.591922],[16.4076137,-25.6114608],[16.3920039,-25.6213025],[16.4010753,-25.6512545],[16.4635281,-25.6431578],[16.5263527,-25.4950964],[16.5685614,-25.5842728],[16.6172203,-25.5767237],[16.6959721,-25.5861361],[16.8024051,-25.6130864],[16.8249725,-25.6456128],[16.8807549,-25.6410907],[16.8998998,-25.6422298],[16.9712688,-25.6787314],[16.9671332,-25.7297575],[16.9915755,-25.7263048],[17.0722506,-25.6988285],[17.1068979,-25.710467],[17.1518192,-25.6758328],[17.3292452,-25.7493781],[17.3287875,-25.5903006],[17.3390861,-25.5896523],[17.3395695,-25.5803923],[17.3441888,-25.5735052],[17.3694379,-25.566727],[17.3798664,-25.5700465],[17.3982127,-25.5555384],[17.406134,-25.5537639],[17.4100778,-25.5458926],[17.420705,-25.5453621],[17.4249988,-25.5577312],[17.4286657,-25.5597784],[17.4374695,-25.5579678],[17.4445832,-25.5607756],[17.4512818,-25.5575817],[17.4519316,-25.5528825],[17.5043126,-25.5540753],[17.5452167,-25.5727824],[17.5640267,-25.5766135],[17.6287248,-25.5813578],[17.6823949,-25.5713706],[17.7347468,-25.5710942],[17.8138934,-25.5564217],[17.8471211,-25.5557789],[17.9065236,-25.5473324],[18.0966281,-25.502375],[18.1235564,-25.4793319],[18.2128634,-25.4452846],[18.3834485,-25.4449149],[18.4839861,-25.4377112],[18.5696717,-25.4450056],[18.5665806,-25.5341183],[18.6836862,-25.5301776],[18.8107131,-25.5387017],[18.945481,-25.5385921],[19.0805417,-25.558782],[19.1782654,-25.5144663],[19.2200129,-25.4751775],[19.3008687,-25.58155],[19.3358177,-25.6400705],[19.3966554,-25.5804287],[19.44891,-25.5791922],[19.5498686,-25.5940829],[19.5652931,-25.6282188],[19.6115213,-25.628841],[19.6932533,-25.6391445],[19.7447854,-25.6749621],[19.7783681,-25.6539292],[19.9158055,-25.6000567],[19.9231261,-25.626496],[19.9992025,-25.608926],[19.9988536,-23.8627576],[19.9189448,-23.8667438],[19.2656403,-23.8669767],[19.2655214,-23.6766471],[19.2146815,-23.6728075],[19.1416784,-23.7477716],[19.1070476,-23.7301181],[19.0081624,-23.729517],[19.0363797,-23.695472],[18.9545152,-23.693585],[18.774808,-23.7658365],[18.6725965,-23.7500421],[18.5892429,-23.6684827],[18.5370922,-23.7053319],[18.5084995,-23.6515589],[18.4848544,-23.5928324],[18.4351544,-23.5012909],[18.4030655,-23.4713727],[18.2946322,-23.5312332],[18.2274941,-23.5534579],[18.2454147,-23.6085774],[18.1506311,-23.6227378],[18.0859462,-23.6533211],[18.0396762,-23.656351],[18.0272666,-23.640955],[17.9742149,-23.6657116],[17.9025929,-23.6056037],[17.8407769,-23.5910222],[17.6482811,-23.5961535],[17.6493154,-23.6277857],[17.4430086,-23.6222826],[17.4485881,-23.5274581],[17.405821,-23.5125216],[17.3779084,-23.4238325],[17.4370799,-23.4128642],[17.4331371,-23.3616058],[17.422577,-23.3385368],[17.4780575,-23.3130491],[17.4910916,-23.2871832],[17.4216422,-23.3076898],[17.3507652,-23.2910838],[17.2867985,-23.3045139],[17.1956765,-23.3291204],[17.1896968,-23.3209685],[17.1848987,-23.2865764],[17.192622,-23.282247],[17.191618,-23.247727],[17.196453,-23.236968],[17.1952826,-23.2238309],[17.187764,-23.216768],[17.1875588,-23.2049645],[17.190531,-23.199924],[17.1729371,-23.2013898],[17.107545,-23.168378],[17.0008974,-23.1697934],[16.996963,-23.170135],[16.9384428,-23.2625066],[16.8805193,-23.2789802],[16.792261,-23.2947249],[16.7735139,-23.2614712],[16.7610173,-23.2488944],[16.7494685,-23.2525753],[16.7346028,-23.2506638],[16.7345993,-23.2600704],[16.7286194,-23.260689],[16.7206886,-23.269468],[16.7173869,-23.2642674],[16.7146246,-23.2690048],[16.707329,-23.2650426],[16.7014576,-23.2684485],[16.6964071,-23.2616716],[16.6844766,-23.2609619],[16.6807386,-23.2635256],[16.6771419,-23.2613034],[16.6769793,-23.2646976],[16.6735284,-23.2648324],[16.6645932,-23.2406203],[16.6393774,-23.2194827],[16.6239606,-23.2203121],[16.5887292,-23.2793839],[16.5596592,-23.3574917],[16.4925411,-23.4701915],[16.4865612,-23.5070185],[16.580877,-23.5303709],[16.5820173,-23.5941838],[16.5695607,-23.5911884],[16.5138306,-23.6545264],[16.4692985,-23.6795835],[16.4048714,-23.6777532],[16.4030978,-23.6174108],[16.3770253,-23.6082781],[16.3662431,-23.6134541],[16.3646981,-23.6207678],[16.3537653,-23.6320871],[16.3494481,-23.63157],[16.344367,-23.6383229],[16.3433601,-23.6560996],[16.3367554,-23.6541351],[16.3296744,-23.6633726],[16.3336104,-23.6683771],[16.3309189,-23.6722753],[16.3331934,-23.6755375],[16.3184567,-23.7104861],[16.305348,-23.8084225],[16.3214189,-23.8061439],[16.3985588,-23.8273176],[16.4108962,-23.8174925],[16.5045575,-23.8308285],[16.5187572,-23.8903695],[16.4797042,-23.88722],[16.4826278,-23.9010669],[16.4357841,-23.8956786],[16.4355931,-23.883712],[16.4060193,-23.8896878],[16.3872653,-23.8645359],[16.3721384,-23.8965848],[16.3036541,-23.9523352],[16.3354457,-24.0454454],[16.3342402,-24.0460099],[16.2752348,-24.0395539],[16.2543696,-23.9963936],[16.1642705,-23.9550809],[16.2113728,-23.9303369],[16.2577828,-23.9338638],[16.2462203,-23.8862097],[16.2632285,-23.846491],[16.1868974,-23.8884943],[16.1445815,-23.8809961],[16.090071,-23.8919189],[15.9950915,-23.9306942],[15.9334853,-23.9363323],[15.9265974,-23.9721667],[15.8894481,-23.9762445],[15.7877625,-23.9758398],[15.7233984,-23.9616041],[15.7432519,-23.7922618],[15.4539091,-23.7058524],[15.4574292,-23.6937401],[15.4471772,-23.6889344],[15.4470551,-23.682799],[15.4439123,-23.6814538],[15.4333737,-23.6794902],[15.4184352,-23.6815539],[15.4084818,-23.6782036],[15.3916328,-23.6855932],[15.3822623,-23.6792676],[15.3722337,-23.6809872],[15.3663449,-23.6761939],[15.3590354,-23.677222],[15.3495096,-23.6669459],[15.3458749,-23.6674166],[15.3434265,-23.6739409],[15.3337095,-23.6660439],[15.3238938,-23.6695354],[15.3176809,-23.6653809],[15.3103196,-23.6699404],[15.3034899,-23.6659553],[15.297299,-23.6681931],[15.2911975,-23.6651253],[15.2839059,-23.6679872],[15.2690804,-23.6667046],[15.2579914,-23.6586442],[15.2549101,-23.6522839],[15.2501952,-23.6593974],[15.2437793,-23.6597802],[15.2399496,-23.6553082],[15.2338087,-23.6563143],[15.2308411,-23.6477473],[15.2243209,-23.644686],[15.218116,-23.6457055],[15.2125532,-23.6519897],[15.1951903,-23.6443584],[15.194452,-23.6395534],[15.1765688,-23.641512],[15.1642932,-23.6343009],[15.1472214,-23.6324516],[15.1355753,-23.6356224],[15.1264366,-23.6238792],[15.102436,-23.6194097],[15.0918982,-23.6062666],[15.0826308,-23.6097889],[15.0791905,-23.6057356],[14.4862998,-23.5563703],[14.5122743,-23.627943],[14.5123815,-23.6374477],[14.5044798,-23.6585728],[14.5021784,-23.676678],[14.5041203,-23.7052481],[14.5010036,-23.7217507],[14.5038682,-23.7443893],[14.4992494,-23.7587463],[14.5092809,-23.7951718],[14.5049679,-23.8097588],[14.5122528,-23.8405078],[14.5108479,-23.8690746],[14.5170578,-23.9034567],[14.5105199,-23.9126382],[14.4881797,-23.9205701],[14.4687851,-23.9415266],[14.4540206,-23.9783883],[14.449786,-24.0106081]]]}},{"type":"Feature","properties":{"name":"Kavango East","osmId":3995170,"officialKm2":23988},"geometry":{"type":"Polygon","coordinates":[[[19.4745038,-19.1668758],[20.9990219,-19.1657517],[20.9989495,-18.3175693],[21.4530449,-18.3176475],[22.5000204,-18.1175994],[22.5000895,-17.821016],[21.4275402,-18.0257819],[21.416012,-18.0158089],[21.397351,-18.009762],[21.3796198,-18.0115288],[21.3724005,-18.0093245],[21.372292,-17.9933154],[21.3617778,-17.9841008],[21.342321,-17.9887031],[21.320076,-17.9880362],[21.3076615,-17.976539],[21.2947976,-17.9749878],[21.2751373,-17.9658564],[21.2673989,-17.9670837],[21.2441361,-17.9577606],[21.2166929,-17.9303466],[21.2086816,-17.9286726],[21.1904061,-17.9359844],[21.1734655,-17.9361612],[21.1584185,-17.9307255],[21.1480379,-17.9360304],[21.1201644,-17.934734],[21.113888,-17.9365816],[21.1092849,-17.9462757],[21.0969096,-17.9498354],[21.0815942,-17.9490546],[21.0655439,-17.9438542],[21.0553998,-17.9524993],[21.0284478,-17.9565425],[21.0142332,-17.9544334],[20.9965789,-17.9650885],[20.9792197,-17.9582301],[20.9686899,-17.9644762],[20.9574317,-17.9650846],[20.935269,-17.9749929],[20.9246479,-17.9858516],[20.9049668,-17.9960761],[20.8952639,-17.992261],[20.8901969,-17.9996822],[20.8717097,-17.9998872],[20.8666534,-18.0046408],[20.8663739,-18.0131413],[20.859679,-18.0175638],[20.869108,-18.0243124],[20.8675464,-18.028779],[20.8265489,-18.039355],[20.8020759,-18.0380037],[20.7997477,-18.0326975],[20.7882243,-18.0250234],[20.7700807,-18.0207208],[20.7632142,-18.015787],[20.7480991,-18.0202624],[20.7495929,-18.0059067],[20.7453954,-18.0008663],[20.7192868,-18.0132174],[20.7127677,-18.0075334],[20.6967566,-18.0101583],[20.6822509,-18.0018305],[20.6784797,-17.991897],[20.6580144,-17.9856774],[20.6442171,-17.977085],[20.6323457,-17.9800597],[20.616864,-17.9758935],[20.616357,-17.9826875],[20.6124705,-17.9848815],[20.6062961,-17.9755542],[20.5960876,-17.9780136],[20.589956,-17.9736714],[20.5864544,-17.9857776],[20.5831271,-17.9877285],[20.5778968,-17.9759037],[20.5713713,-17.9818474],[20.561589,-17.9849376],[20.5398733,-17.9826291],[20.5382001,-17.9754062],[20.5295634,-17.9767635],[20.5152511,-17.9696912],[20.5012607,-17.9521778],[20.4933214,-17.9538108],[20.4835045,-17.9499119],[20.4739312,-17.950525],[20.4637956,-17.9356833],[20.4627657,-17.920984],[20.4511038,-17.9123638],[20.4387224,-17.9063549],[20.4192495,-17.9089378],[20.4025769,-17.898708],[20.395119,-17.89964],[20.3854786,-17.8941376],[20.3699708,-17.8974771],[20.3536994,-17.881916],[20.3227498,-17.8620291],[20.3049446,-17.8644764],[20.2947265,-17.8775106],[20.278126,-17.8660519],[20.2634883,-17.8679746],[20.2558279,-17.8742034],[20.2498841,-17.8910201],[20.2465719,-17.8927269],[20.2396852,-17.8918592],[20.2327824,-17.8846183],[20.2192869,-17.886116],[20.1724041,-17.877104],[20.1628916,-17.8896754],[20.1080757,-17.9110664],[20.096411,-17.9046508],[20.0891623,-17.8936722],[20.0804079,-17.8902174],[20.065688,-17.891026],[20.0581174,-17.8851944],[20.0387732,-17.9017463],[20.0248058,-17.9051382],[19.9986045,-17.8872076],[19.9673621,-17.8875343],[19.9521482,-17.8735295],[19.9196238,-17.8620901],[19.9097246,-17.862538],[19.9049391,-17.8727414],[19.8992125,-17.8770787],[19.8630675,-17.8835266],[19.8432212,-17.8793854],[19.8198402,-17.868041],[19.8076844,-17.8683218],[19.7855949,-17.8801374],[19.7788229,-17.8903766],[19.772107,-17.8913001],[19.7702503,-17.8988948],[19.7603305,-17.909928],[19.7507442,-17.9109365],[19.7424417,-17.9073635],[19.7354411,-17.8903584],[19.7293775,-17.8873142],[19.7263516,-17.8773768],[19.7075147,-17.874484],[19.7070593,-17.877533],[19.7125233,-17.8822842],[19.7077712,-17.8855571],[19.7080906,-17.9549547],[19.7003175,-17.9594992],[19.7024197,-17.9657458],[19.7081371,-17.9650451],[19.7082017,-17.9790909],[19.771573,-17.9790383],[19.8370533,-18.3644904],[19.8309607,-18.3708408],[19.8297048,-18.3984268],[19.8323252,-18.4041333],[19.8244596,-18.4131915],[19.8142086,-18.4188328],[19.8065687,-18.416544],[19.7954799,-18.4066477],[19.7820051,-18.4107094],[19.7513814,-18.4567419],[19.7507046,-18.4662191],[19.7575061,-18.4880104],[19.7567324,-18.4943609],[19.7494151,-18.5043538],[19.7373266,-18.5035158],[19.7301705,-18.5082221],[19.7434193,-18.5294009],[19.7424199,-18.5330114],[19.7382291,-18.5359448],[19.7239811,-18.5343652],[19.7210798,-18.5379434],[19.7179208,-18.5539322],[19.7105923,-18.5652805],[19.7097955,-18.5794719],[19.7138113,-18.5897462],[19.7003898,-18.6012504],[19.695366,-18.6337687],[19.6848376,-18.6493098],[19.6861898,-18.6621949],[19.6951938,-18.6645579],[19.7196255,-18.6617822],[19.7358145,-18.6748201],[19.7431643,-18.6875236],[19.7380175,-18.6965984],[19.6984294,-18.6925908],[19.6968023,-18.7032955],[19.6850202,-18.7210204],[19.6897143,-18.735589],[19.6870464,-18.7532112],[19.6800881,-18.7640117],[19.6790581,-18.772626],[19.7069625,-18.7975059],[19.7076548,-18.807262],[19.7021288,-18.8162066],[19.7026472,-18.820869],[19.717927,-18.8376431],[19.7073563,-18.8497363],[19.682994,-18.858988],[19.6806668,-18.8673654],[19.6846491,-18.8842926],[19.6709689,-18.888327],[19.6666971,-18.8931046],[19.6674038,-18.9018247],[19.6791565,-18.9114124],[19.6926579,-18.9358842],[19.7077535,-18.941124],[19.716842,-18.9406995],[19.7295546,-18.9492338],[19.7259865,-18.9549555],[19.703097,-18.9620269],[19.7056657,-18.9709574],[19.7198902,-18.9804545],[19.7207941,-18.9941169],[19.6895366,-19.0080786],[19.651675,-19.0500577],[19.6236073,-19.0531472],[19.6150193,-19.060674],[19.5830994,-19.072874],[19.5480805,-19.1038585],[19.5242196,-19.1148882],[19.5106583,-19.1273769],[19.5032769,-19.1388916],[19.4849479,-19.1444095],[19.4780427,-19.1512163],[19.4745038,-19.1668758]]]}},{"type":"Feature","properties":{"name":"Kavango West","osmId":3995171,"officialKm2":24591},"geometry":{"type":"Polygon","coordinates":[[[18.0010717,-17.3895863],[17.9997772,-18.7356364],[19.2033526,-18.8068761],[19.2034655,-19.1664515],[19.4745038,-19.1668758],[19.4780427,-19.1512163],[19.4849479,-19.1444095],[19.5032769,-19.1388916],[19.5106583,-19.1273769],[19.5242196,-19.1148882],[19.5480805,-19.1038585],[19.5830994,-19.072874],[19.6150193,-19.060674],[19.6236073,-19.0531472],[19.651675,-19.0500577],[19.6895366,-19.0080786],[19.7176461,-18.9975362],[19.7212151,-18.9931288],[19.7198902,-18.9804545],[19.7056657,-18.9709574],[19.703097,-18.9620269],[19.7259865,-18.9549555],[19.7295546,-18.9492338],[19.716842,-18.9406995],[19.7077535,-18.941124],[19.6926579,-18.9358842],[19.6791565,-18.9114124],[19.6674038,-18.9018247],[19.6666971,-18.8931046],[19.6709689,-18.888327],[19.6846491,-18.8842926],[19.6806668,-18.8673654],[19.682994,-18.858988],[19.7073563,-18.8497363],[19.717927,-18.8376431],[19.7026472,-18.820869],[19.7021288,-18.8162066],[19.7076548,-18.807262],[19.7069625,-18.7975059],[19.6790581,-18.772626],[19.6800881,-18.7640117],[19.6870464,-18.7532112],[19.6897143,-18.735589],[19.6850202,-18.7210204],[19.6968023,-18.7032955],[19.6984294,-18.6925908],[19.7380175,-18.6965984],[19.7431643,-18.6875236],[19.7358145,-18.6748201],[19.7196255,-18.6617822],[19.6951938,-18.6645579],[19.6861898,-18.6621949],[19.6848376,-18.6493098],[19.695366,-18.6337687],[19.7003898,-18.6012504],[19.7138113,-18.5897462],[19.7097955,-18.5794719],[19.7105923,-18.5652805],[19.7179208,-18.5539322],[19.7210798,-18.5379434],[19.7239811,-18.5343652],[19.7382291,-18.5359448],[19.7424199,-18.5330114],[19.7434193,-18.5294009],[19.7301705,-18.5082221],[19.7373266,-18.5035158],[19.7494151,-18.5043538],[19.7567324,-18.4943609],[19.7575061,-18.4880104],[19.7507046,-18.4662191],[19.7513814,-18.4567419],[19.7820051,-18.4107094],[19.7954799,-18.4066477],[19.8129194,-18.418865],[19.8250075,-18.4127402],[19.8323252,-18.4041333],[19.8297048,-18.3984268],[19.8309607,-18.3708408],[19.8370533,-18.3644904],[19.771573,-17.9790383],[19.7082017,-17.9790909],[19.7081371,-17.9650451],[19.7024197,-17.9657458],[19.7003175,-17.9594992],[19.7080906,-17.9549547],[19.7077712,-17.8855571],[19.6963088,-17.8762618],[19.6858263,-17.857232],[19.6726111,-17.8492918],[19.6322894,-17.8505839],[19.6257555,-17.8556797],[19.6224552,-17.8639035],[19.6163946,-17.8592897],[19.6123338,-17.8598462],[19.612484,-17.8652226],[19.609158,-17.8674232],[19.5901734,-17.8606887],[19.584648,-17.8617201],[19.5816868,-17.8571145],[19.5780981,-17.8601219],[19.5799756,-17.8653299],[19.5661467,-17.8743219],[19.5389236,-17.8740462],[19.5222437,-17.8632773],[19.5095837,-17.8598768],[19.5059252,-17.8637879],[19.5076579,-17.8700016],[19.5032591,-17.8714464],[19.49525,-17.864901],[19.4838149,-17.8696255],[19.478938,-17.8653205],[19.4655775,-17.8660778],[19.4592918,-17.8606347],[19.4405686,-17.8634755],[19.4354763,-17.8682491],[19.4191416,-17.865772],[19.410625,-17.8676306],[19.3890492,-17.8609787],[19.379208,-17.8497023],[19.368953,-17.8467084],[19.3600606,-17.848129],[19.3557326,-17.8574729],[19.3481068,-17.8508089],[19.3321221,-17.8515118],[19.3263849,-17.8545898],[19.3241374,-17.8480411],[19.3352144,-17.8463716],[19.3348452,-17.8362667],[19.3229836,-17.8332204],[19.3114605,-17.8372772],[19.3057528,-17.8304231],[19.300922,-17.8367207],[19.2957219,-17.8379362],[19.2852911,-17.8275526],[19.2713634,-17.8205505],[19.2583987,-17.8250627],[19.2455525,-17.8122176],[19.2339217,-17.8148394],[19.2369713,-17.8231403],[19.2303371,-17.8280212],[19.188459,-17.8169234],[19.1749263,-17.8062409],[19.1718182,-17.8068791],[19.1721677,-17.8144293],[19.1685215,-17.8182082],[19.1636435,-17.8143323],[19.1380669,-17.8075358],[19.1201718,-17.817254],[19.1232444,-17.8306575],[19.1145414,-17.8369326],[19.0346749,-17.8352415],[19.0105978,-17.8310968],[18.9941516,-17.8246966],[18.9817362,-17.8292661],[18.9682438,-17.8281384],[18.9557039,-17.8243241],[18.9503037,-17.8175647],[18.929536,-17.8214305],[18.9063752,-17.8202637],[18.8944282,-17.8162309],[18.8779437,-17.8004677],[18.8709667,-17.8051731],[18.8636264,-17.8047406],[18.8418415,-17.7879944],[18.8385892,-17.7735651],[18.78906,-17.765779],[18.7754088,-17.7356809],[18.7530187,-17.7402044],[18.7424927,-17.7368868],[18.7372356,-17.7189416],[18.6862736,-17.68462],[18.6702448,-17.6676714],[18.6563617,-17.6608425],[18.6383039,-17.6418469],[18.6238533,-17.6358348],[18.6177164,-17.6281049],[18.6147505,-17.6165835],[18.6200872,-17.6077659],[18.6190146,-17.6011832],[18.6068001,-17.5982725],[18.5987301,-17.5839576],[18.5630238,-17.5820427],[18.5594048,-17.5697239],[18.5460134,-17.5585428],[18.5346188,-17.5399053],[18.5368993,-17.5235393],[18.5192559,-17.5133533],[18.5148953,-17.4993206],[18.4997468,-17.4933202],[18.4979254,-17.4866464],[18.4792296,-17.4832434],[18.4746208,-17.4673715],[18.4744799,-17.4487215],[18.4636221,-17.4443255],[18.4557016,-17.4335306],[18.4527595,-17.4221897],[18.4339126,-17.406571],[18.4214551,-17.3896014],[18.0010717,-17.3895863]]]}},{"type":"Feature","properties":{"name":"Khomas","osmId":2279585,"officialKm2":36964},"geometry":{"type":"Polygon","coordinates":[[[15.7233984,-23.9616041],[15.7877625,-23.9758398],[15.8894481,-23.9762445],[15.9265974,-23.9721667],[15.9334853,-23.9363323],[15.9950915,-23.9306942],[16.090071,-23.8919189],[16.1445815,-23.8809961],[16.1868974,-23.8884943],[16.2632285,-23.846491],[16.2462203,-23.8862097],[16.2577828,-23.9338638],[16.2113728,-23.9303369],[16.1642705,-23.9550809],[16.2543696,-23.9963936],[16.2752348,-24.0395539],[16.3354457,-24.0454454],[16.3036541,-23.9523352],[16.3721384,-23.8965848],[16.3872653,-23.8645359],[16.4060193,-23.8896878],[16.4355931,-23.883712],[16.4357841,-23.8956786],[16.4826278,-23.9010669],[16.4797042,-23.88722],[16.5187572,-23.8903695],[16.5045575,-23.8308285],[16.4108962,-23.8174925],[16.3985588,-23.8273176],[16.3214189,-23.8061439],[16.305348,-23.8084225],[16.3184567,-23.7104861],[16.3331934,-23.6755375],[16.3309189,-23.6722753],[16.3336104,-23.6683771],[16.3296744,-23.6633726],[16.3367554,-23.6541351],[16.3433601,-23.6560996],[16.344367,-23.6383229],[16.3494481,-23.63157],[16.3537653,-23.6320871],[16.3646981,-23.6207678],[16.3662431,-23.6134541],[16.3770253,-23.6082781],[16.4030978,-23.6174108],[16.4048714,-23.6777532],[16.4692985,-23.6795835],[16.5138306,-23.6545264],[16.5695607,-23.5911884],[16.5820173,-23.5941838],[16.580877,-23.5303709],[16.4865612,-23.5070185],[16.4925411,-23.4701915],[16.5596592,-23.3574917],[16.5887292,-23.2793839],[16.6239606,-23.2203121],[16.6393774,-23.2194827],[16.6645932,-23.2406203],[16.6735284,-23.2648324],[16.6769793,-23.2646976],[16.6771419,-23.2613034],[16.6807386,-23.2635256],[16.6844766,-23.2609619],[16.6964071,-23.2616716],[16.7014576,-23.2684485],[16.707329,-23.2650426],[16.7146246,-23.2690048],[16.7173869,-23.2642674],[16.7206886,-23.269468],[16.7286194,-23.260689],[16.7345993,-23.2600704],[16.7346028,-23.2506638],[16.7494685,-23.2525753],[16.7610173,-23.2488944],[16.7735139,-23.2614712],[16.792261,-23.2947249],[16.8805193,-23.2789802],[16.9384428,-23.2625066],[16.996963,-23.170135],[17.107545,-23.168378],[17.1729371,-23.2013898],[17.190531,-23.199924],[17.1875588,-23.2049645],[17.187764,-23.216768],[17.1952826,-23.2238309],[17.196453,-23.236968],[17.191618,-23.247727],[17.192622,-23.282247],[17.1848987,-23.2865764],[17.1896968,-23.3209685],[17.1956765,-23.3291204],[17.2867985,-23.3045139],[17.3507652,-23.2910838],[17.4216422,-23.3076898],[17.4910916,-23.2871832],[17.4780575,-23.3130491],[17.422577,-23.3385368],[17.4331371,-23.3616058],[17.4370799,-23.4128642],[17.3779084,-23.4238325],[17.405821,-23.5125216],[17.4485881,-23.5274581],[17.4430086,-23.6222826],[17.6493154,-23.6277857],[17.6482811,-23.5961535],[17.8407769,-23.5910222],[17.9025929,-23.6056037],[17.9742149,-23.6657116],[18.0272666,-23.640955],[18.0396762,-23.656351],[18.0859462,-23.6533211],[18.1506311,-23.6227378],[18.2454147,-23.6085774],[18.2274941,-23.5534579],[18.2946322,-23.5312332],[18.4030655,-23.4713727],[18.4351544,-23.5012909],[18.5027495,-23.342696],[18.4551188,-23.3004383],[18.3396059,-23.2121429],[18.3582562,-23.1632259],[18.4136374,-23.1596086],[18.4575409,-23.1617672],[18.4313343,-23.0892206],[18.3712824,-23.0846238],[18.3604067,-23.0540113],[18.3176138,-23.0653133],[18.3096854,-23.0474574],[18.3007605,-23.0039746],[18.3936035,-22.9888408],[18.3924871,-22.9441582],[18.2910952,-22.9605058],[18.2948186,-22.8204059],[18.2592809,-22.7410725],[18.2385731,-22.5754674],[18.2121096,-22.4803319],[18.1651215,-22.5134988],[18.1073667,-22.4667872],[18.1715327,-22.4346872],[18.1403893,-22.4167289],[18.0926623,-22.3404515],[18.0134733,-22.3615757],[18.0139875,-22.3643554],[17.949999,-22.3773371],[17.9652056,-22.3114159],[17.9635192,-22.2819927],[17.933241,-22.2142004],[17.9549647,-22.2174637],[17.9650893,-22.1415039],[18.0719424,-22.126699],[18.0595281,-22.0686918],[18.0457274,-22.0668692],[18.0568637,-22.0139671],[18.0721681,-22.0168009],[18.0744831,-21.9862507],[18.09939,-21.9820983],[18.1115992,-21.9111487],[18.1055484,-21.9007562],[18.090881,-21.8900283],[18.081284,-21.8921346],[18.0751804,-21.8886136],[18.0723353,-21.8755503],[18.0650841,-21.8707571],[18.0659548,-21.8639588],[18.0734462,-21.8515383],[18.1481734,-21.7941422],[18.1363112,-21.7542048],[18.1171403,-21.7084606],[17.9930241,-21.7523542],[17.9840473,-21.7310207],[17.9014703,-21.7581467],[17.8820479,-21.7706217],[17.8449786,-21.8107908],[17.8020151,-21.8354506],[17.7469409,-21.8492072],[17.699327,-21.8652514],[17.661854,-21.8277173],[17.5734485,-21.8478468],[17.5621465,-21.8806205],[17.5030135,-21.9200245],[17.5107796,-21.9389796],[17.476993,-21.962728],[17.4380005,-21.9653926],[17.4599283,-22.0295699],[17.450812,-22.102798],[17.3831533,-22.0676014],[17.3811007,-22.0696103],[17.3890092,-22.0766575],[17.3877836,-22.0859954],[17.3915394,-22.0952481],[17.3868283,-22.0987727],[17.3852952,-22.1199168],[17.3620686,-22.1173778],[17.2966831,-22.1410031],[17.280043,-22.101042],[17.252003,-22.1414451],[17.2561415,-22.2000627],[17.1633117,-22.2334712],[17.1048082,-22.2686333],[17.0796345,-22.2114469],[17.0487425,-22.231209],[17.0357403,-22.2454565],[16.989703,-22.2809126],[16.9630149,-22.2282166],[16.9110482,-22.2819986],[16.9076107,-22.2772125],[16.8109075,-22.3215062],[16.798481,-22.278237],[16.7627804,-22.2476195],[16.7260167,-22.2551801],[16.7167439,-22.2603966],[16.716117,-22.243378],[16.7022012,-22.2408258],[16.6811567,-22.2773054],[16.656443,-22.296232],[16.66695,-22.31559],[16.7250493,-22.2990866],[16.734738,-22.345729],[16.653641,-22.338647],[16.6345283,-22.3599483],[16.5816365,-22.3420737],[16.5339748,-22.3787758],[16.513156,-22.3508707],[16.4160852,-22.3785347],[16.3377506,-22.422837],[16.3400149,-22.5054603],[16.2719863,-22.4995988],[16.2754898,-22.5067388],[16.2223839,-22.5412051],[16.2223842,-22.5666993],[16.1606876,-22.6060107],[16.0727848,-22.5739289],[15.9515482,-22.6948641],[16.0685888,-22.6897177],[16.0732413,-22.718926],[16.0679478,-22.8342127],[16.0016388,-22.8354814],[15.9857089,-22.8620693],[15.9069387,-22.8631817],[15.8951849,-22.8723524],[15.8668035,-23.1344653],[15.8865595,-23.1657097],[15.9432778,-23.2050192],[15.9340269,-23.207203],[15.9384617,-23.2139729],[15.937195,-23.218539],[15.9302146,-23.2154722],[15.924153,-23.2168212],[15.9187566,-23.2123373],[15.910832,-23.2216735],[15.9047306,-23.2187404],[15.8956402,-23.2245078],[15.8847113,-23.2192643],[15.8785018,-23.2262107],[15.8801454,-23.2319209],[15.877283,-23.2343214],[15.8703072,-23.2358294],[15.8652615,-23.2300235],[15.8540762,-23.2279719],[15.8537971,-23.2381579],[15.8291604,-23.2444044],[15.8200961,-23.2400965],[15.8145704,-23.2496969],[15.8093461,-23.2496456],[15.8075154,-23.2559429],[15.7966732,-23.2527003],[15.8285022,-23.3494176],[15.8294265,-23.384479],[15.8025481,-23.3874227],[15.7406659,-23.510229],[15.8413196,-23.5754092],[15.8330453,-23.638872],[15.8415211,-23.7037486],[15.8493798,-23.7315529],[15.8422613,-23.7892462],[15.849476,-23.7950843],[15.8365167,-23.8083472],[15.8328457,-23.8001738],[15.7649439,-23.8088785],[15.7432519,-23.7922618],[15.7233984,-23.9616041]]]}},{"type":"Feature","properties":{"name":"Kunene","osmId":2279589,"officialKm2":115260},"geometry":{"type":"Polygon","coordinates":[[[11.7367163,-17.5855228],[11.7454201,-17.6124803],[11.7466485,-17.6476848],[11.7617655,-17.6909472],[11.7629644,-17.7291076],[11.7717808,-17.7604372],[11.7691898,-17.78224],[11.7793715,-17.8026407],[11.7849505,-17.8221658],[11.7843926,-17.8400904],[11.8032056,-17.8938381],[11.8014514,-17.9172171],[11.8040693,-17.9728855],[11.8095088,-17.9863968],[11.8097556,-17.9979684],[11.8198836,-18.0136969],[11.8282413,-18.0357466],[11.8307948,-18.0638678],[11.8353921,-18.0787745],[11.8339062,-18.092112],[11.8496481,-18.1214018],[11.8554229,-18.1428926],[11.8917507,-18.1733717],[11.9340277,-18.2237822],[11.95732,-18.2615754],[11.9630653,-18.2832806],[11.9560325,-18.3015301],[11.998617,-18.366737],[12.0037866,-18.3886454],[12.0033574,-18.4349628],[12.0177984,-18.4546668],[12.0223936,-18.4653506],[12.0208776,-18.4731474],[12.0269716,-18.4861925],[12.0373142,-18.5016633],[12.0502371,-18.5136635],[12.251172,-18.6751132],[12.3256007,-18.738842],[12.3347363,-18.760375],[12.3862159,-18.8232261],[12.3889303,-18.8290372],[12.3870952,-18.8344186],[12.4588153,-18.9167787],[12.4672616,-18.938086],[12.4689299,-18.9634898],[12.47677,-18.982095],[12.4779931,-18.9919928],[12.4754316,-18.9942779],[12.4776739,-18.9984993],[12.4935472,-19.0195527],[12.5682628,-19.0839084],[12.5710416,-19.0952893],[12.5864187,-19.1211607],[12.5995857,-19.1350312],[12.6119077,-19.1601908],[12.6156682,-19.1848082],[12.6220534,-19.1987666],[12.665159,-19.2729593],[12.6830694,-19.2927296],[12.694037,-19.3103207],[12.7069357,-19.3501992],[12.7075821,-19.3639529],[12.7036313,-19.3798966],[12.7193436,-19.4067832],[12.7323818,-19.4397206],[12.76233,-19.4814336],[12.7633908,-19.4895453],[12.7753964,-19.5018815],[12.7998742,-19.5587817],[12.8243467,-19.5953294],[12.8257763,-19.6028138],[12.8380649,-19.6176237],[12.8440435,-19.6323349],[12.8575404,-19.64949],[12.8618681,-19.6721594],[12.8780794,-19.7099123],[12.8953595,-19.7390009],[12.9286149,-19.7811386],[12.9476479,-19.8280668],[12.9470175,-19.8339584],[12.9535487,-19.851334],[12.970286,-19.874768],[12.9725575,-19.8853027],[13.0134585,-19.9617964],[13.0344857,-19.9876125],[13.0359703,-20.0141238],[13.0419087,-20.0268075],[13.0406561,-20.0324246],[13.0494404,-20.043852],[13.0553305,-20.0731842],[13.0699727,-20.0863293],[13.0798485,-20.1014656],[13.1154093,-20.1236045],[13.1481403,-20.1533171],[13.1574328,-20.1657919],[13.1571029,-20.1710931],[13.1952077,-20.2120985],[13.2066366,-20.2350119],[13.204279,-20.260361],[13.2161102,-20.2859409],[13.2404807,-20.3225836],[13.2427177,-20.3562654],[13.2541868,-20.4018175],[13.2526016,-20.4277166],[13.247834,-20.4425935],[13.249535,-20.456733],[13.264583,-20.4797128],[13.2670829,-20.4926652],[13.2878271,-20.5185339],[13.2919443,-20.5338428],[13.308633,-20.564854],[13.3343151,-20.6035154],[13.3508322,-20.6576078],[13.3652222,-20.6890631],[13.3660805,-20.7137557],[13.3817755,-20.7703594],[13.3769113,-20.7922617],[13.3906952,-20.8192653],[13.3951637,-20.8357109],[13.4105998,-20.8599296],[13.415747,-20.8760249],[13.4552211,-20.9157844],[13.4598049,-20.9320115],[13.4895077,-20.9636563],[13.5226169,-21.0144247],[13.5508338,-21.049056],[13.5566086,-21.0787389],[13.5556322,-21.0909918],[13.5752285,-21.1332309],[13.5927641,-21.1493772],[13.6054784,-21.1682647],[13.6327246,-21.1934613],[13.6344014,-21.1875191],[13.6691846,-21.1716619],[13.6991474,-21.1472147],[13.7195576,-21.1378593],[13.7427913,-21.1325362],[13.7526989,-21.1196734],[13.7764991,-21.1015617],[13.7959338,-21.0935927],[13.8196687,-21.0724847],[13.8258992,-21.072085],[13.8376997,-21.0562249],[13.8529172,-21.0459706],[13.8538732,-21.0410768],[13.8828562,-21.030213],[13.8921131,-21.0297474],[13.9023164,-21.0184597],[13.9128213,-21.0149459],[13.924733,-21.0230683],[13.9310304,-21.0229874],[13.9401102,-21.0098944],[13.940235,-21.0028496],[13.9467535,-21.0000505],[13.9649451,-21.0038186],[13.9770544,-20.9898898],[13.9861131,-20.9904309],[14.0001975,-20.9970411],[14.0039849,-20.9855379],[14.0124285,-20.9858435],[14.0434012,-20.9712393],[14.0516261,-20.9752424],[14.0619405,-20.972434],[14.0641572,-20.976404],[14.0718098,-20.9726388],[14.0820687,-20.977401],[14.0887744,-20.971978],[14.0945916,-20.9765217],[14.1061034,-20.9722427],[14.1132044,-20.9641211],[14.1188741,-20.962389],[14.1253273,-20.9652669],[14.1419903,-20.9603758],[14.1447801,-20.9544076],[14.1578722,-20.9493495],[14.1633991,-20.9569954],[14.1703898,-20.9543539],[14.1911833,-20.9574551],[14.1938799,-20.9512676],[14.2009351,-20.9507004],[14.2132829,-20.9638915],[14.215381,-20.9591829],[14.2219058,-20.9560563],[14.222879,-20.9645834],[14.2325105,-20.9687449],[14.2451858,-20.9645018],[14.2567178,-20.970843],[14.2649038,-20.9830924],[14.2733049,-20.9784069],[14.2812473,-20.9821985],[14.2830805,-20.989282],[14.2920268,-20.9885448],[14.2989203,-20.9811932],[14.3122769,-20.9839435],[14.3172324,-20.9884888],[14.3250553,-20.9833867],[14.332055,-20.9850461],[14.338444,-20.9822679],[14.3460977,-20.9869509],[14.3591459,-20.9840541],[14.3633365,-20.9756656],[14.3918207,-20.9665254],[14.397598,-20.9702696],[14.4145771,-20.967117],[14.4178722,-20.9725518],[14.4221255,-20.9720824],[14.425846,-20.9801873],[14.4310417,-20.9805126],[14.4320336,-20.9845489],[14.4380163,-20.9833629],[14.4387949,-20.9868827],[14.4508832,-20.9882601],[14.4604059,-20.9951325],[14.4930489,-20.981909],[14.5121813,-20.9884611],[14.5221916,-20.9753668],[14.5571744,-20.9843666],[14.5634878,-20.9889358],[14.5768802,-20.9882221],[14.5937267,-21.0001306],[14.5994406,-20.9977482],[14.6052079,-21.0002628],[14.6029807,-21.0063582],[14.607388,-21.0063026],[14.608917,-21.0113246],[14.6163619,-21.0079704],[14.6253789,-21.0156922],[14.6388857,-21.0150022],[14.6466011,-21.0180946],[14.6748156,-21.0178831],[14.6848665,-21.0129339],[14.7093709,-21.0152634],[14.7851455,-20.9969638],[14.7911641,-20.9869653],[14.8161601,-20.98108],[14.8248266,-20.9617972],[14.8384394,-20.9540647],[14.8526297,-20.9517417],[14.8644639,-20.9345506],[14.8786795,-20.9289133],[14.8819245,-20.922434],[14.8793467,-20.9195953],[14.8848134,-20.9164107],[14.8996281,-20.9108962],[14.90628,-20.9123694],[14.9096432,-20.9190084],[14.9167352,-20.9166726],[14.9248409,-20.9196954],[14.9266004,-20.9148449],[14.9231583,-20.8905083],[14.9329213,-20.8857293],[14.9332154,-20.8827731],[14.9413383,-20.8879427],[14.9570782,-20.8795016],[14.9553191,-20.8700606],[14.9598966,-20.8597702],[14.9651528,-20.8594224],[14.9678522,-20.8635436],[14.9841692,-20.8573905],[14.9866059,-20.8478977],[15.0080012,-20.8354025],[15.0178078,-20.8185806],[15.0304161,-20.8155442],[15.0411383,-20.8065332],[15.0442662,-20.7973275],[15.0493583,-20.7965849],[15.0553656,-20.8039569],[15.0602109,-20.8036341],[15.0661613,-20.7946215],[15.0740203,-20.7917438],[15.0762786,-20.7829264],[15.0940121,-20.7842758],[15.0944539,-20.777073],[15.1027272,-20.7778852],[15.1137137,-20.7710618],[15.1226762,-20.7702027],[15.122896,-20.7578944],[15.1304067,-20.742206],[15.1379454,-20.7372848],[15.1508367,-20.735173],[15.1662166,-20.7199913],[15.1723498,-20.7103193],[15.171541,-20.7039241],[15.1794022,-20.6986128],[15.1781768,-20.6915154],[15.1849354,-20.6804407],[15.2125892,-20.6674247],[15.2235105,-20.6578524],[15.2297242,-20.6577311],[15.2344617,-20.6517776],[15.2432977,-20.6553993],[15.2536941,-20.6395258],[15.2645731,-20.6364845],[15.2630178,-20.6243165],[15.2660986,-20.6213992],[15.2832726,-20.6244045],[15.2863379,-20.6152338],[15.2948708,-20.6084705],[15.2971209,-20.6026932],[15.2923934,-20.5928974],[15.2964941,-20.5810806],[15.3069585,-20.584183],[15.3069828,-20.5744654],[15.3112706,-20.5733429],[15.3159566,-20.578119],[15.3300522,-20.5680365],[15.3320967,-20.5547284],[15.3277243,-20.5403479],[15.3494634,-20.5392501],[15.36275,-20.518991],[15.3611662,-20.5091084],[15.387431,-20.4918321],[15.450658,-20.4915889],[15.4917083,-20.5424987],[15.5090255,-20.5421019],[15.5724597,-20.5580337],[15.6637654,-20.5602244],[15.6750427,-20.5229386],[15.7049302,-20.4860568],[15.6845457,-20.4471118],[15.7783467,-20.4311784],[15.7949725,-20.4822744],[15.858342,-20.5470485],[15.9225537,-20.4697348],[15.9613094,-20.4372329],[16.0466078,-20.4120637],[16.1228217,-20.4166214],[16.1706112,-20.3931575],[16.2170664,-20.3844178],[16.236472,-20.4194305],[16.3150098,-20.3831856],[16.3216187,-20.333736],[16.3044515,-20.3049212],[16.3075699,-20.2276693],[16.3333443,-20.2015144],[16.3764679,-20.1922592],[16.4596634,-20.1426933],[16.4827431,-20.1359532],[16.5518725,-20.1361998],[16.5242183,-20.0724466],[16.5220754,-20.0174182],[16.6130997,-20.0137016],[16.6924409,-19.9886902],[16.7104915,-19.965725],[16.6994465,-19.940461],[16.7224832,-19.5820263],[16.7015604,-19.4869573],[16.5994073,-19.4365777],[16.4853655,-19.4355231],[16.409482,-19.4186493],[16.3559425,-19.4169371],[16.2307223,-19.3882751],[16.1844001,-19.3695838],[16.1347461,-19.3659352],[16.0604948,-19.3474898],[15.9933594,-19.3362679],[15.9392104,-19.3312252],[15.8505329,-19.2839156],[15.7617872,-19.2846789],[15.5604386,-19.2456938],[15.5508136,-19.2358851],[15.5103785,-19.2457405],[15.4202264,-19.2391244],[15.3697808,-19.2478398],[15.3141042,-19.2462587],[15.3172732,-19.1915584],[15.201651,-19.2245131],[15.1478683,-19.2130332],[15.0900287,-19.2054379],[15.0309534,-19.2085392],[14.9135431,-19.2347178],[14.6493281,-19.2341969],[14.5362231,-19.2467684],[14.5385271,-19.3290305],[14.594182,-19.3266229],[14.5872291,-19.4174743],[14.4818771,-19.417586],[14.4495598,-19.414474],[14.456119,-19.3770613],[14.4774398,-19.3515725],[14.4812929,-19.343927],[14.4824544,-19.3222603],[14.4889127,-19.3209872],[14.4865115,-19.3137671],[14.480839,-19.3135061],[14.4771508,-19.306726],[14.4733938,-19.2976544],[14.472901,-19.2840307],[14.4672953,-19.279798],[14.4660519,-19.271357],[14.4584467,-19.2687282],[14.4361863,-19.2459746],[14.4199677,-19.2437474],[14.4084926,-19.2271669],[14.4020763,-19.2037095],[14.3822514,-19.1577943],[14.3536166,-19.0637194],[14.3581171,-19.0332217],[14.3955345,-18.922982],[14.3877098,-18.8851059],[14.3921216,-18.871428],[14.3393578,-18.770518],[14.2999082,-18.6444191],[14.3106507,-18.4100742],[14.2817818,-17.9971771],[14.1747102,-17.781901],[14.178535,-17.7740767],[14.1638812,-17.7601392],[14.1456685,-17.7232906],[14.1639473,-17.711177],[14.1779249,-17.6893434],[14.1850503,-17.6478675],[14.1852617,-17.6183226],[14.1526001,-17.6028383],[14.1365361,-17.589722],[14.1310755,-17.5795908],[14.1369318,-17.5639007],[14.1497569,-17.5460137],[14.1634178,-17.5383325],[14.1813345,-17.5019423],[14.1886675,-17.4975792],[14.1943736,-17.4889996],[14.1928812,-17.4753652],[14.2007888,-17.4697575],[14.2214018,-17.4340168],[14.221863,-17.4226441],[14.2082524,-17.4276141],[14.2112902,-17.4172826],[14.223456,-17.4058394],[14.2168202,-17.4043513],[14.2126411,-17.4100482],[14.1998722,-17.4135272],[14.1850305,-17.4120838],[14.161672,-17.4170395],[14.1517854,-17.429024],[14.1379666,-17.4322433],[14.1219431,-17.4318543],[14.1154271,-17.4235793],[14.1014189,-17.4388147],[14.0526777,-17.4295512],[14.0450388,-17.4201745],[14.0364906,-17.4232225],[14.015851,-17.4148974],[14.0040389,-17.4209251],[13.9949298,-17.4328728],[13.9866257,-17.4337377],[13.9780614,-17.4274271],[13.964731,-17.4328976],[13.9551392,-17.432819],[13.9388019,-17.4189154],[13.9310878,-17.4159928],[13.9270323,-17.4089598],[13.9317939,-17.4041763],[13.9281401,-17.3966131],[13.9246264,-17.3963764],[13.921625,-17.3892595],[13.915127,-17.3857638],[13.9169392,-17.3783142],[13.9021656,-17.3715255],[13.8993359,-17.3616672],[13.8899005,-17.3599345],[13.8697779,-17.3434442],[13.851496,-17.3392607],[13.8349709,-17.3281716],[13.8115203,-17.3201648],[13.7983936,-17.3098197],[13.783856,-17.3043013],[13.7783468,-17.2955457],[13.7595606,-17.2868127],[13.7394226,-17.2708566],[13.7192202,-17.2668405],[13.6964375,-17.2472248],[13.6795179,-17.2464206],[13.6502016,-17.2251886],[13.6364257,-17.2080384],[13.6150485,-17.1979228],[13.570379,-17.1646459],[13.541733,-17.1470647],[13.5231265,-17.1396908],[13.5174188,-17.1411262],[13.5108232,-17.133952],[13.5079345,-17.1251806],[13.5196531,-17.1216484],[13.5236657,-17.0912908],[13.4988391,-17.0702668],[13.486678,-17.0413217],[13.4782934,-17.0335769],[13.4766358,-17.0252983],[13.4675592,-17.0205023],[13.4625113,-17.0110793],[13.4345037,-17.0072063],[13.4210122,-16.997757],[13.3961928,-16.9963676],[13.3802702,-16.9836984],[13.3521904,-16.9739875],[13.3303601,-16.9826713],[13.2840988,-16.9928192],[13.2723611,-16.9986786],[13.2584864,-16.9928064],[13.2522154,-17.0003476],[13.2456896,-17.0014321],[13.2394239,-16.9975569],[13.2405388,-16.9924867],[13.2331663,-16.986501],[13.2240549,-16.9849313],[13.2008618,-16.9889176],[13.1972841,-16.9832152],[13.1991774,-16.9745522],[13.1868463,-16.9698132],[13.1767005,-16.973054],[13.1691983,-16.9635182],[13.1282273,-16.9674799],[13.0925864,-16.9801061],[13.0656034,-16.9730027],[13.0505535,-16.9805403],[13.0370781,-16.9808013],[13.027854,-16.9769815],[13.0179003,-16.9818556],[12.98437,-16.9820095],[12.9757413,-16.9897616],[12.9662865,-16.9924421],[12.9622954,-17.0100021],[12.9469617,-17.0101416],[12.9439652,-17.0127721],[12.9475218,-17.0183582],[12.9422379,-17.0203792],[12.9156625,-17.0210666],[12.9020959,-17.0369903],[12.8907448,-17.0449041],[12.872464,-17.0472936],[12.8714275,-17.066513],[12.8445089,-17.0772768],[12.8363713,-17.0868295],[12.8240812,-17.0851633],[12.8120177,-17.0988582],[12.8054023,-17.1161012],[12.796488,-17.1158936],[12.7791514,-17.1226567],[12.7575307,-17.1406452],[12.7354985,-17.1468289],[12.7334815,-17.1536104],[12.7154303,-17.1595665],[12.7130118,-17.171882],[12.7064978,-17.1728073],[12.6980759,-17.1689492],[12.6800715,-17.1763974],[12.6731134,-17.1725482],[12.6647526,-17.1819437],[12.6468623,-17.1909481],[12.6444268,-17.1973898],[12.632873,-17.1993224],[12.6266491,-17.2060963],[12.6112262,-17.209386],[12.6060659,-17.2164677],[12.6082116,-17.2256907],[12.6060706,-17.2312132],[12.6020234,-17.2290491],[12.5955938,-17.2350529],[12.5783855,-17.2286062],[12.5649422,-17.2388841],[12.5639364,-17.2431749],[12.5450939,-17.2391172],[12.5405905,-17.2477166],[12.5336033,-17.2425678],[12.5240117,-17.248521],[12.5055367,-17.2454163],[12.4943894,-17.2481726],[12.4783015,-17.2420196],[12.4788189,-17.246872],[12.4734843,-17.2539258],[12.4603897,-17.2570252],[12.4505997,-17.2547199],[12.4465978,-17.2642433],[12.4361436,-17.2596148],[12.4389911,-17.2476552],[12.4323928,-17.239504],[12.4360943,-17.2228521],[12.4232115,-17.2076213],[12.4172866,-17.2127732],[12.415392,-17.2090451],[12.4081913,-17.2067701],[12.396816,-17.2074337],[12.3927498,-17.2214431],[12.3851216,-17.2195523],[12.3732126,-17.2267565],[12.3696291,-17.2338169],[12.3626608,-17.231045],[12.3513296,-17.2187474],[12.3284492,-17.2292415],[12.3176426,-17.2282424],[12.3070814,-17.2351864],[12.2952032,-17.2335505],[12.2836253,-17.2418485],[12.2635003,-17.2318554],[12.2572285,-17.2383615],[12.2501099,-17.240252],[12.2349789,-17.236271],[12.2290385,-17.2240409],[12.2174782,-17.2178512],[12.2097373,-17.2175488],[12.2009396,-17.211282],[12.1941322,-17.1973334],[12.1831888,-17.1961753],[12.1762643,-17.1768487],[12.1613342,-17.162237],[12.1468288,-17.1607557],[12.132774,-17.166486],[12.1136659,-17.1580545],[12.1022482,-17.1612873],[12.092985,-17.1505093],[12.079972,-17.1418771],[12.068916,-17.1521342],[12.0560414,-17.156404],[12.0342189,-17.1511193],[12.0220873,-17.1611016],[12.0150894,-17.1615271],[11.9952947,-17.171268],[11.9733649,-17.1770902],[11.9631296,-17.1751734],[11.9541871,-17.1823229],[11.9400809,-17.1824622],[11.9254661,-17.1945559],[11.9121891,-17.1984557],[11.8928719,-17.2095577],[11.8829128,-17.2261339],[11.8692148,-17.2339399],[11.8597439,-17.2344855],[11.8566594,-17.2415277],[11.8485135,-17.2422219],[11.8453657,-17.2357616],[11.8371838,-17.235915],[11.8188268,-17.2630241],[11.8083827,-17.268421],[11.7977339,-17.268198],[11.7943769,-17.2739513],[11.7828681,-17.2669633],[11.7769336,-17.2592309],[11.7505446,-17.2501256],[11.7561436,-17.297958],[11.7520299,-17.3443338],[11.7583296,-17.3729795],[11.756224,-17.3812054],[11.7474934,-17.3914582],[11.7463876,-17.433171],[11.7393422,-17.456844],[11.7429874,-17.4804028],[11.7367163,-17.5855228]]]}},{"type":"Feature","properties":{"name":"Ohangwena","osmId":2279597,"officialKm2":10706},"geometry":{"type":"Polygon","coordinates":[[[15.5482717,-17.3907134],[15.5525966,-17.4030572],[15.5520597,-17.421869],[15.5609502,-17.4406235],[15.5561655,-17.4521531],[15.565088,-17.4619136],[15.5676055,-17.4737442],[15.5659685,-17.4838872],[15.5730551,-17.4915507],[15.5715763,-17.5025102],[15.5927576,-17.5143165],[15.5990045,-17.5230783],[15.5987296,-17.5292499],[15.6061424,-17.5377429],[15.6091139,-17.5540453],[15.6323289,-17.5654132],[15.6324677,-17.5886824],[15.6477434,-17.5965243],[15.6552958,-17.630003],[15.6466612,-17.6550681],[15.6540317,-17.6718065],[16.0002371,-17.689037],[16.3662277,-17.9333403],[16.7550663,-17.766877],[18.0011843,-17.7511403],[18.0010717,-17.3895863],[15.5482717,-17.3907134]]]}},{"type":"Feature","properties":{"name":"Omaheke","osmId":2279601,"officialKm2":84981},"geometry":{"type":"Polygon","coordinates":[[[17.933241,-22.2142004],[17.9635192,-22.2819927],[17.9652056,-22.3114159],[17.949999,-22.3773371],[18.0139875,-22.3643554],[18.0134733,-22.3615757],[18.0926623,-22.3404515],[18.1403893,-22.4167289],[18.1715327,-22.4346872],[18.1073667,-22.4667872],[18.1651215,-22.5134988],[18.2121096,-22.4803319],[18.2385731,-22.5754674],[18.2592809,-22.7410725],[18.2948186,-22.8204059],[18.2910952,-22.9605058],[18.3924871,-22.9441582],[18.3936035,-22.9888408],[18.3007605,-23.0039746],[18.3096854,-23.0474574],[18.3176138,-23.0653133],[18.3604067,-23.0540113],[18.3712824,-23.0846238],[18.4313343,-23.0892206],[18.4575409,-23.1617672],[18.4136374,-23.1596086],[18.3582562,-23.1632259],[18.3396059,-23.2121429],[18.4551188,-23.3004383],[18.5027495,-23.342696],[18.4351544,-23.5012909],[18.4848544,-23.5928324],[18.5084995,-23.6515589],[18.5370922,-23.7053319],[18.5892429,-23.6684827],[18.6725965,-23.7500421],[18.774808,-23.7658365],[18.9545152,-23.693585],[19.0363797,-23.695472],[19.0081624,-23.729517],[19.1070476,-23.7301181],[19.1416784,-23.7477716],[19.2146815,-23.6728075],[19.2655214,-23.6766471],[19.2656403,-23.8669767],[19.9189448,-23.8667438],[19.9988536,-23.8627576],[19.9990788,-21.9997676],[20.9986836,-22.000292],[20.9989024,-20.3940501],[20.9500322,-20.3868725],[20.9465572,-20.3855338],[20.9448756,-20.376563],[20.9321952,-20.3675208],[20.9187519,-20.3719764],[20.9061626,-20.3693558],[20.9012653,-20.3564715],[20.890957,-20.3558837],[20.8834501,-20.3655743],[20.8706868,-20.3590315],[20.8598935,-20.3649057],[20.8486195,-20.3586974],[20.8434074,-20.3621942],[20.8376419,-20.3615059],[20.8340478,-20.3641513],[20.8324739,-20.3724911],[20.8228083,-20.3786924],[20.8052194,-20.3811287],[20.8022819,-20.3879471],[20.7988473,-20.3888807],[20.7877775,-20.3863861],[20.7792878,-20.394474],[20.7709145,-20.3891019],[20.763763,-20.3938635],[20.7460038,-20.3901333],[20.7283366,-20.3939109],[20.6976843,-20.3870121],[20.6815481,-20.3897777],[20.6621543,-20.3874082],[20.6468333,-20.3705829],[20.6246745,-20.3663943],[20.6177958,-20.3702399],[20.6133762,-20.3611134],[20.6051201,-20.364519],[20.5840444,-20.3657505],[20.5731869,-20.3610231],[20.5373642,-20.3546466],[20.5141568,-20.3536702],[20.5055019,-20.3563637],[20.4920378,-20.3522259],[20.474267,-20.355008],[20.4623485,-20.3524195],[20.456837,-20.3551758],[20.4560541,-20.3623999],[20.4307457,-20.3574804],[20.4051089,-20.3608521],[20.3934038,-20.3545956],[20.3514969,-20.355179],[20.3480652,-20.3536074],[20.3484821,-20.3374643],[20.3369634,-20.3339332],[20.324039,-20.3358775],[20.3153729,-20.3329976],[20.2999106,-20.3388316],[20.2903318,-20.3372028],[20.2766813,-20.3251986],[20.2490695,-20.3217962],[20.2396885,-20.3261962],[20.2250576,-20.3223535],[20.2113354,-20.3225044],[20.2057457,-20.3256233],[20.182035,-20.3214379],[20.1697397,-20.3231382],[20.1445125,-20.3136165],[20.1306438,-20.3147572],[20.1257251,-20.3060926],[20.1184666,-20.3035684],[20.1019981,-20.3117105],[20.0905733,-20.3055498],[20.0728014,-20.3065796],[19.9889636,-20.2917569],[19.9351813,-20.2919338],[19.9299514,-20.2889668],[19.9246179,-20.294309],[19.8901701,-20.2838544],[19.8829374,-20.2871718],[19.8711538,-20.2857702],[19.8551547,-20.2786003],[19.8405254,-20.2800441],[19.8264035,-20.2742036],[19.8169481,-20.2768876],[19.8069232,-20.2730096],[19.794567,-20.2768109],[19.7754841,-20.2766408],[19.748523,-20.2707977],[19.7321202,-20.262241],[19.7088793,-20.2701391],[19.6397336,-20.2768345],[19.5670701,-20.2585523],[19.5596723,-20.2495088],[19.5427545,-20.2620847],[19.5295959,-20.2532572],[19.505495,-20.2461055],[19.456042,-20.2409108],[19.4064456,-20.2399027],[19.3606413,-20.2625908],[19.3600194,-20.2885141],[19.3085092,-20.3100246],[19.3016225,-20.3169389],[19.2855886,-20.3120853],[19.2674725,-20.3261499],[19.2464784,-20.3346907],[19.2292127,-20.3351475],[19.2204254,-20.3413291],[19.2128644,-20.339313],[19.2036284,-20.3415545],[19.185436,-20.3478116],[19.1770947,-20.3562959],[19.1640167,-20.3568937],[19.1408463,-20.3688782],[19.1328526,-20.3667151],[19.0936655,-20.3914097],[19.0858021,-20.3901536],[19.0586422,-20.3979969],[19.0473711,-20.4125389],[19.0353664,-20.4158618],[19.029435,-20.4348961],[19.0159522,-20.4516392],[18.998159,-20.4558135],[18.9861322,-20.455063],[18.9810846,-20.4612279],[18.9652526,-20.4609041],[18.9477194,-20.4667142],[18.9374666,-20.4766534],[18.915271,-20.4769877],[18.8881901,-20.4909311],[18.8571417,-20.499247],[18.8080114,-20.5349842],[18.7788787,-20.5619577],[18.771548,-20.5780579],[18.7719829,-20.5957204],[18.7470525,-20.6146289],[18.7427906,-20.6209589],[18.7132683,-20.6355111],[18.6616334,-20.6750297],[18.6519578,-20.6946303],[18.6375414,-20.7122435],[18.594172,-20.7811145],[18.5930817,-20.7970269],[18.5862798,-20.8038209],[18.5824915,-20.8186461],[18.569498,-20.828764],[18.5607796,-20.8634759],[18.5591607,-20.8864716],[18.549059,-20.8943256],[18.567512,-20.9136591],[18.5599701,-20.9249632],[18.560855,-20.9311834],[18.5516365,-20.9469712],[18.5455218,-20.9692795],[18.5472094,-21.0094474],[18.5377269,-21.0266668],[18.5351296,-21.0657481],[18.5279512,-21.0882665],[18.4777592,-20.9888737],[18.3465367,-21.0266444],[18.3336116,-21.1304309],[18.3289025,-21.1444695],[18.3947078,-21.122085],[18.3937409,-21.1628896],[18.3262641,-21.1888196],[18.3419895,-21.2114947],[18.3527276,-21.2447835],[18.3838332,-21.2804085],[18.2452165,-21.242897],[18.1907098,-21.2542912],[18.1898006,-21.3160492],[18.192317,-21.344051],[18.245048,-21.341183],[18.2599076,-21.3913116],[18.1935295,-21.3856572],[18.2329518,-21.5284126],[18.23011,-21.550653],[18.2347909,-21.6112246],[18.1842118,-21.6544935],[18.1998221,-21.672912],[18.1136013,-21.6991673],[18.1363112,-21.7542048],[18.1481734,-21.7941422],[18.0734462,-21.8515383],[18.0659548,-21.8639588],[18.0650841,-21.8707571],[18.0723353,-21.8755503],[18.0751804,-21.8886136],[18.081284,-21.8921346],[18.090881,-21.8900283],[18.1055484,-21.9007562],[18.1115992,-21.9111487],[18.09939,-21.9820983],[18.0744831,-21.9862507],[18.0721681,-22.0168009],[18.0568637,-22.0139671],[18.0457274,-22.0668692],[18.0595281,-22.0686918],[18.0719424,-22.126699],[17.9650893,-22.1415039],[17.9549647,-22.2174637],[17.933241,-22.2142004]]]}},{"type":"Feature","properties":{"name":"Omusati","osmId":2279621,"officialKm2":26551},"geometry":{"type":"Polygon","coordinates":[[[14.1310755,-17.5795908],[14.1365361,-17.589722],[14.1526001,-17.6028383],[14.1852617,-17.6183226],[14.1850503,-17.6478675],[14.1779249,-17.6893434],[14.1639473,-17.711177],[14.1456685,-17.7232906],[14.1638812,-17.7601392],[14.178535,-17.7740767],[14.1747102,-17.781901],[14.2817818,-17.9971771],[14.3106507,-18.4100742],[14.2999082,-18.6444191],[14.3393578,-18.770518],[14.3921216,-18.871428],[14.3877098,-18.8851059],[14.3955345,-18.922982],[14.3581171,-19.0332217],[14.3536166,-19.0637194],[14.3822514,-19.1577943],[14.4020763,-19.2037095],[14.4084926,-19.2271669],[14.4199677,-19.2437474],[14.4361863,-19.2459746],[14.4584467,-19.2687282],[14.4660519,-19.271357],[14.4672953,-19.279798],[14.472901,-19.2840307],[14.4733938,-19.2976544],[14.4771508,-19.306726],[14.480839,-19.3135061],[14.4865115,-19.3137671],[14.4889127,-19.3209872],[14.4824544,-19.3222603],[14.4812929,-19.343927],[14.4774398,-19.3515725],[14.456119,-19.3770613],[14.4495598,-19.414474],[14.4818771,-19.417586],[14.5872291,-19.4174743],[14.594182,-19.3266229],[14.5385271,-19.3290305],[14.5362231,-19.2467684],[14.6493281,-19.2341969],[14.9135431,-19.2347178],[15.0309534,-19.2085392],[15.0900287,-19.2054379],[15.1478683,-19.2130332],[15.201651,-19.2245131],[15.3172732,-19.1915584],[15.321865,-19.1813732],[15.324594,-19.1617928],[15.3502109,-19.1508272],[15.4023436,-19.1381145],[15.4125607,-19.1456339],[15.4208021,-19.1298398],[15.4736642,-19.1133554],[15.4716702,-19.1074313],[15.5041667,-19.0915868],[15.56214,-19.0734401],[15.5908242,-19.0752534],[15.6026864,-19.0634927],[15.5988613,-19.0585405],[15.5889666,-19.0495486],[15.5710996,-19.0490631],[15.5570294,-19.0418584],[15.5207266,-18.9963004],[15.5143652,-18.9819395],[15.5387415,-18.9630546],[15.5611397,-18.9369897],[15.5635605,-18.8798105],[15.5060164,-18.7488401],[15.5041481,-18.7370751],[15.5468314,-18.6550455],[15.565043,-18.6606282],[15.4991239,-18.1465663],[15.4935917,-18.1381691],[15.4843336,-18.1343492],[15.4803815,-18.1280454],[15.4765549,-18.1306295],[15.4729638,-18.1289911],[15.4722112,-18.1217137],[15.4652021,-18.1182838],[15.4656995,-18.1121063],[15.4614804,-18.1090596],[15.4543627,-18.1104381],[15.4542433,-18.1173042],[15.4480078,-18.1170912],[15.4366666,-18.1050762],[15.4241598,-18.099623],[15.4182456,-18.1044856],[15.4140973,-18.1036874],[15.4089966,-18.0927903],[15.4027477,-18.0872935],[15.3899384,-18.0935737],[15.3803805,-18.082962],[15.3698379,-18.0850675],[15.3462804,-18.0766216],[15.3420529,-18.0782461],[15.3308064,-18.071983],[15.317769,-18.0514054],[15.3147122,-18.0498826],[15.3109056,-18.0529064],[15.3055467,-18.0481509],[15.3004914,-18.048476],[15.2885197,-18.0422718],[15.2790435,-18.0324239],[15.6405812,-17.6883216],[15.6540317,-17.6718065],[15.6466612,-17.6550681],[15.6552958,-17.630003],[15.6477434,-17.5965243],[15.6324677,-17.5886824],[15.6323289,-17.5654132],[15.6091139,-17.5540453],[15.6061424,-17.5377429],[15.5987296,-17.5292499],[15.5990045,-17.5230783],[15.5927576,-17.5143165],[15.5715763,-17.5025102],[15.5730551,-17.4915507],[15.5659685,-17.4838872],[15.5676055,-17.4737442],[15.565088,-17.4619136],[15.5561655,-17.4521531],[15.5609502,-17.4406235],[15.5520597,-17.421869],[15.5525966,-17.4030572],[15.5482717,-17.3907134],[14.2142406,-17.3921518],[14.2187762,-17.3974168],[14.2128399,-17.4016138],[14.2144676,-17.4060394],[14.223456,-17.4058394],[14.2113519,-17.4171393],[14.2082524,-17.4276141],[14.221863,-17.4226441],[14.2214018,-17.4340168],[14.2007888,-17.4697575],[14.1928812,-17.4753652],[14.1943736,-17.4889996],[14.1886675,-17.4975792],[14.1813345,-17.5019423],[14.1728384,-17.5170534],[14.1706722,-17.5276098],[14.1631345,-17.5386809],[14.1497569,-17.5460137],[14.1346012,-17.5674707],[14.1310755,-17.5795908]]]}},{"type":"Feature","properties":{"name":"Oshana","osmId":2279623,"officialKm2":8647},"geometry":{"type":"Polygon","coordinates":[[[15.2790435,-18.0324239],[15.2885197,-18.0422718],[15.3004914,-18.048476],[15.3055467,-18.0481509],[15.3109056,-18.0529064],[15.3147122,-18.0498826],[15.317769,-18.0514054],[15.3308064,-18.071983],[15.3420529,-18.0782461],[15.3462804,-18.0766216],[15.3698379,-18.0850675],[15.3803805,-18.082962],[15.3899384,-18.0935737],[15.4027477,-18.0872935],[15.4089966,-18.0927903],[15.4140973,-18.1036874],[15.4182456,-18.1044856],[15.4241598,-18.099623],[15.4366666,-18.1050762],[15.4480078,-18.1170912],[15.4542433,-18.1173042],[15.4543627,-18.1104381],[15.4614804,-18.1090596],[15.4656995,-18.1121063],[15.4652021,-18.1182838],[15.4722112,-18.1217137],[15.4729638,-18.1289911],[15.4765549,-18.1306295],[15.4803815,-18.1280454],[15.4843336,-18.1343492],[15.4935917,-18.1381691],[15.4991239,-18.1465663],[15.565043,-18.6606282],[15.5468314,-18.6550455],[15.5041481,-18.7370751],[15.5060164,-18.7488401],[15.5635605,-18.8798105],[15.5611397,-18.9369897],[15.5387415,-18.9630546],[15.5143652,-18.9819395],[15.5207266,-18.9963004],[15.5570294,-19.0418584],[15.5710996,-19.0490631],[15.5889666,-19.0495486],[15.6026864,-19.0634927],[15.5908242,-19.0752534],[15.56214,-19.0734401],[15.5041667,-19.0915868],[15.4716702,-19.1074313],[15.4736642,-19.1133554],[15.4208021,-19.1298398],[15.4125607,-19.1456339],[15.4023436,-19.1381145],[15.3502109,-19.1508272],[15.324594,-19.1617928],[15.321865,-19.1813732],[15.3172732,-19.1915584],[15.3141042,-19.2462587],[15.3697808,-19.2478398],[15.4202264,-19.2391244],[15.5103785,-19.2457405],[15.5508136,-19.2358851],[15.5604386,-19.2456938],[15.7617872,-19.2846789],[15.8505329,-19.2839156],[15.9403873,-19.3312987],[15.944568,-19.3161682],[15.9314163,-19.2854449],[15.9328331,-19.2659917],[15.9276406,-19.2535279],[15.921677,-19.2186891],[15.9235138,-19.2045423],[15.917407,-19.1901168],[15.9205876,-19.1766501],[15.93577,-19.173959],[15.9529056,-19.1653458],[15.9607827,-19.1547128],[15.9718541,-19.1495178],[15.9681366,-19.1356125],[15.9729733,-19.1245696],[15.9612464,-19.1278559],[15.9582294,-19.1365845],[15.9541681,-19.1391887],[15.9285237,-19.1161542],[15.9272889,-19.1120468],[15.9195971,-19.1078048],[15.9185537,-19.0971254],[15.9090937,-19.0862598],[15.900261,-19.0658254],[15.8792462,-19.0333953],[15.8758935,-19.0160121],[15.8779797,-19.0091296],[15.8571708,-18.9720283],[15.8548456,-18.9451221],[15.84954,-18.9388595],[15.8421673,-18.9100195],[15.8404507,-18.8703901],[15.8433289,-18.8469888],[15.8574927,-18.8078192],[15.8796494,-18.7706564],[15.9149337,-18.727902],[15.9769783,-18.6863164],[15.9965928,-18.659435],[16.0071064,-18.6661276],[16.0184126,-18.6677057],[16.021438,-18.6716652],[16.0189467,-18.6745737],[16.0272059,-18.6794579],[16.0258669,-18.6559443],[16.0219466,-18.6494844],[16.0241621,-18.6441457],[16.0161352,-18.6310366],[16.0139251,-18.620463],[16.0220391,-18.5920328],[16.0155559,-18.5809384],[16.0046215,-18.5730478],[15.995509,-18.5718465],[15.9901822,-18.5749891],[15.9797289,-18.5701278],[15.9776509,-18.5598606],[15.9925157,-18.5451962],[15.9896296,-18.537763],[15.9847587,-18.5348029],[15.9860355,-18.5312781],[15.9828275,-18.5271887],[15.9756017,-18.5298031],[15.9673834,-18.5281857],[15.9719217,-18.5229059],[15.958693,-18.5114354],[15.9549862,-18.5107182],[15.9500465,-18.5156898],[15.9430557,-18.5113846],[15.9408637,-18.5051832],[15.944244,-18.4975681],[15.9469487,-18.5004572],[15.9474921,-18.4946632],[15.9601896,-18.4861981],[15.9550107,-18.4853546],[15.9558552,-18.4801662],[15.9515047,-18.4747323],[15.9477362,-18.4745873],[15.9483263,-18.4717889],[15.9331664,-18.4675938],[15.9340195,-18.4620849],[15.9383619,-18.4627599],[15.9373614,-18.4573052],[15.9492731,-18.4584323],[15.9455609,-18.4419933],[15.9534842,-18.4347567],[15.9499705,-18.4332401],[15.9472722,-18.4133733],[15.9612471,-18.4022556],[15.9572144,-18.399399],[15.958082,-18.3958143],[15.9493992,-18.3934152],[15.9454483,-18.3877546],[15.9401536,-18.387859],[15.9365809,-18.3839163],[15.958371,-18.3839857],[15.9543601,-18.3770235],[15.9490711,-18.3500672],[15.9455295,-18.3061741],[15.9778538,-18.2844747],[15.9863333,-18.2622351],[16.0175466,-18.2303171],[16.0336519,-18.1891119],[16.0364002,-18.1732334],[16.0393282,-18.105439],[16.031699,-18.0617466],[16.0257347,-18.04121],[16.0089706,-18.020644],[16.0047664,-18.0190443],[16.0020459,-18.0215553],[15.9998811,-18.0169122],[16.0002371,-17.689037],[15.652371,-17.6723616],[15.6405812,-17.6883216],[15.2790435,-18.0324239]]]}},{"type":"Feature","properties":{"name":"Oshikoto","osmId":2279627,"officialKm2":38685},"geometry":{"type":"Polygon","coordinates":[[[15.8404507,-18.8936473],[15.84954,-18.9388595],[15.8548456,-18.9451221],[15.8571708,-18.9720283],[15.8779797,-19.0091296],[15.8758935,-19.0160121],[15.8792462,-19.0333953],[15.900261,-19.0658254],[15.9090937,-19.0862598],[15.9185537,-19.0971254],[15.918889,-19.1069126],[15.9541681,-19.1391887],[15.9582294,-19.1365845],[15.9612464,-19.1278559],[15.9729733,-19.1245696],[15.9681366,-19.1356125],[15.9718541,-19.1495178],[15.9607827,-19.1547128],[15.9529056,-19.1653458],[15.93577,-19.173959],[15.9205876,-19.1766501],[15.917407,-19.1901168],[15.9235138,-19.2045423],[15.921677,-19.2186891],[15.9276406,-19.2535279],[15.9328331,-19.2659917],[15.9314163,-19.2854449],[15.944568,-19.3161682],[15.9404227,-19.3306554],[16.0604948,-19.3474898],[16.1347461,-19.3659352],[16.1844001,-19.3695838],[16.2307223,-19.3882751],[16.3559425,-19.4169371],[16.409482,-19.4186493],[16.4853655,-19.4355231],[16.5994073,-19.4365777],[16.7015604,-19.4869573],[16.8966162,-19.3884813],[16.990746,-19.3467485],[17.1159251,-19.2052836],[17.1147512,-19.1895102],[17.1273802,-19.1758387],[17.1247284,-19.1637519],[17.194111,-19.1377802],[17.2161004,-19.188567],[17.2851023,-19.1612556],[17.309342,-19.2141565],[17.3168468,-19.2111221],[17.3123738,-19.2701615],[17.3577711,-19.2667678],[17.3532565,-19.2318193],[17.4204658,-19.2234744],[17.4180816,-19.2695545],[17.3782065,-19.2732167],[17.3795088,-19.3111612],[17.3756871,-19.3512754],[17.4232955,-19.3936851],[17.4357442,-19.3656817],[17.5089396,-19.4090788],[17.5034261,-19.4184123],[17.5787562,-19.4676431],[17.5963902,-19.4431834],[17.6854218,-19.5087816],[17.7526595,-19.5081785],[17.8177443,-19.4832255],[17.8360628,-19.4800246],[17.8561876,-19.5334204],[17.8865137,-19.5182914],[17.9483551,-19.4828819],[17.8942965,-19.4142466],[17.8929107,-19.3567431],[17.9048049,-19.3579306],[17.9062985,-19.3317633],[17.9515296,-19.3266033],[17.9498331,-19.2845042],[18.0135627,-19.2784202],[18.0218167,-19.2229372],[18.0210895,-19.1530339],[18.0423346,-19.1554419],[18.0285528,-19.0866167],[18.0238794,-19.0318654],[18.0931816,-19.0373342],[18.1058388,-18.970374],[18.1849718,-18.9680888],[18.1838167,-18.8418995],[18.1924293,-18.8264451],[18.2024935,-18.7475439],[17.9997772,-18.7356364],[18.0011843,-17.7511403],[16.7550663,-17.766877],[16.3662277,-17.9333403],[16.0002371,-17.689037],[15.9998811,-18.0169122],[16.0020459,-18.0215553],[16.0047664,-18.0190443],[16.0089706,-18.020644],[16.0257347,-18.04121],[16.031699,-18.0617466],[16.0393282,-18.105439],[16.0364002,-18.1732334],[16.0336519,-18.1891119],[16.0175466,-18.2303171],[15.9863333,-18.2622351],[15.9778538,-18.2844747],[15.9455295,-18.3061741],[15.9490711,-18.3500672],[15.9543601,-18.3770235],[15.958371,-18.3839857],[15.9365809,-18.3839163],[15.9401536,-18.387859],[15.9454483,-18.3877546],[15.9493992,-18.3934152],[15.958082,-18.3958143],[15.9572144,-18.399399],[15.9612471,-18.4022556],[15.9472722,-18.4133733],[15.9499705,-18.4332401],[15.9534842,-18.4347567],[15.9455609,-18.4419933],[15.9492731,-18.4584323],[15.9373614,-18.4573052],[15.9383619,-18.4627599],[15.9340195,-18.4620849],[15.9331664,-18.4675938],[15.9483263,-18.4717889],[15.9477362,-18.4745873],[15.9515047,-18.4747323],[15.9558552,-18.4801662],[15.9550107,-18.4853546],[15.9601896,-18.4861981],[15.9474921,-18.4946632],[15.9469487,-18.5004572],[15.944244,-18.4975681],[15.9408637,-18.5051832],[15.9430557,-18.5113846],[15.9500465,-18.5156898],[15.9549862,-18.5107182],[15.958693,-18.5114354],[15.9719217,-18.5229059],[15.9673834,-18.5281857],[15.9756017,-18.5298031],[15.9828275,-18.5271887],[15.9860355,-18.5312781],[15.9847587,-18.5348029],[15.9896296,-18.537763],[15.9925157,-18.5451962],[15.9776509,-18.5598606],[15.9797289,-18.5701278],[15.9901822,-18.5749891],[15.995509,-18.5718465],[16.0046215,-18.5730478],[16.0155559,-18.5809384],[16.0220391,-18.5920328],[16.0139251,-18.620463],[16.0161352,-18.6310366],[16.0241621,-18.6441457],[16.0219466,-18.6494844],[16.0258669,-18.6559443],[16.0272059,-18.6794579],[16.0189467,-18.6745737],[16.021438,-18.6716652],[16.0184126,-18.6677057],[16.0071064,-18.6661276],[15.9965928,-18.659435],[15.9769783,-18.6863164],[15.9149337,-18.727902],[15.8796494,-18.7706564],[15.850789,-18.8210317],[15.8411822,-18.8596821],[15.8404507,-18.8936473]]]}},{"type":"Feature","properties":{"name":"Otjozondjupa","osmId":2279628,"officialKm2":105460},"geometry":{"type":"Polygon","coordinates":[[[15.5724597,-20.5580337],[15.5774854,-20.6057803],[15.5728642,-20.670342],[15.6046543,-20.6881373],[15.6606202,-20.702876],[15.7133984,-20.6954343],[15.7268697,-20.7656341],[15.7351279,-20.7673164],[15.7827042,-20.8130887],[15.8295033,-20.8477625],[16.0332864,-20.9504128],[16.0877671,-21.0108549],[16.1002281,-21.0110383],[16.1073253,-21.0191725],[16.1164941,-21.0053553],[16.1831492,-21.0422761],[16.2456986,-21.0038056],[16.2671348,-21.0450413],[16.3168948,-21.0936481],[16.3509668,-21.0986179],[16.3852279,-21.1377461],[16.3891361,-21.1692627],[16.3982155,-21.1675685],[16.4005065,-21.1700582],[16.4164247,-21.1706116],[16.4176247,-21.1754092],[16.4249005,-21.1726925],[16.4375689,-21.1821513],[16.5167459,-21.1747038],[16.5266244,-21.2211977],[16.5250971,-21.2378728],[16.50652,-21.2666535],[16.526591,-21.3345261],[16.5559645,-21.3988936],[16.5536682,-21.4073837],[16.514804,-21.434627],[16.4281206,-21.5287273],[16.4226082,-21.6253334],[16.3891331,-21.7422361],[16.4353034,-21.8558162],[16.4329886,-21.8950027],[16.4541306,-21.8926646],[16.4673209,-21.9245189],[16.4464973,-21.9768554],[16.4521062,-21.991098],[16.4656825,-21.9988358],[16.4515472,-22.0190843],[16.4505159,-22.0273532],[16.4589827,-22.0693348],[16.4095999,-22.0744222],[16.4449064,-22.1391463],[16.4445124,-22.1456994],[16.4198327,-22.1432033],[16.4110914,-22.1660218],[16.3279023,-22.2060596],[16.3624289,-22.2523166],[16.3786728,-22.2974925],[16.3854169,-22.3010716],[16.3829376,-22.3036435],[16.3709951,-22.303829],[16.3721381,-22.3158533],[16.3949234,-22.333591],[16.4160852,-22.3785347],[16.513156,-22.3508707],[16.5339748,-22.3787758],[16.5816365,-22.3420737],[16.6345283,-22.3599483],[16.653641,-22.338647],[16.734738,-22.345729],[16.7250493,-22.2990866],[16.66695,-22.31559],[16.656443,-22.296232],[16.6811567,-22.2773054],[16.7022012,-22.2408258],[16.716117,-22.243378],[16.7167439,-22.2603966],[16.7260167,-22.2551801],[16.7627804,-22.2476195],[16.798481,-22.278237],[16.8109075,-22.3215062],[16.9076107,-22.2772125],[16.9110482,-22.2819986],[16.9630149,-22.2282166],[16.989703,-22.2809126],[17.0357403,-22.2454565],[17.0487425,-22.231209],[17.0796345,-22.2114469],[17.1048082,-22.2686333],[17.1633117,-22.2334712],[17.2561415,-22.2000627],[17.252003,-22.1414451],[17.280043,-22.101042],[17.2966831,-22.1410031],[17.3620686,-22.1173778],[17.3852952,-22.1199168],[17.3868283,-22.0987727],[17.3915394,-22.0952481],[17.3877836,-22.0859954],[17.3890092,-22.0766575],[17.3811007,-22.0696103],[17.3831533,-22.0676014],[17.450812,-22.102798],[17.4599283,-22.0295699],[17.4380005,-21.9653926],[17.476993,-21.962728],[17.5107796,-21.9389796],[17.5030135,-21.9200245],[17.5621465,-21.8806205],[17.5734485,-21.8478468],[17.661854,-21.8277173],[17.699327,-21.8652514],[17.7469409,-21.8492072],[17.8020151,-21.8354506],[17.8449786,-21.8107908],[17.8820479,-21.7706217],[17.9014703,-21.7581467],[17.9840473,-21.7310207],[17.9930241,-21.7523542],[18.1171403,-21.7084606],[18.1136013,-21.6991673],[18.1998221,-21.672912],[18.1842118,-21.6544935],[18.2347909,-21.6112246],[18.23011,-21.550653],[18.2329518,-21.5284126],[18.1935295,-21.3856572],[18.2599076,-21.3913116],[18.245048,-21.341183],[18.192317,-21.344051],[18.1898006,-21.3160492],[18.1907098,-21.2542912],[18.2452165,-21.242897],[18.3838332,-21.2804085],[18.3527276,-21.2447835],[18.3419895,-21.2114947],[18.3262641,-21.1888196],[18.3937409,-21.1628896],[18.3947078,-21.122085],[18.3289025,-21.1444695],[18.3336116,-21.1304309],[18.3465367,-21.0266444],[18.4777592,-20.9888737],[18.5279512,-21.0882665],[18.5351296,-21.0657481],[18.5377269,-21.0266668],[18.5472094,-21.0094474],[18.5455218,-20.9692795],[18.5516365,-20.9469712],[18.560855,-20.9311834],[18.5599701,-20.9249632],[18.567512,-20.9136591],[18.549059,-20.8943256],[18.5591607,-20.8864716],[18.5607796,-20.8634759],[18.569498,-20.828764],[18.5824915,-20.8186461],[18.5862798,-20.8038209],[18.5930817,-20.7970269],[18.594172,-20.7811145],[18.6375414,-20.7122435],[18.6519578,-20.6946303],[18.6587637,-20.6782096],[18.7132683,-20.6355111],[18.7427906,-20.6209589],[18.7470525,-20.6146289],[18.7719829,-20.5957204],[18.771548,-20.5780579],[18.7788787,-20.5619577],[18.8080114,-20.5349842],[18.8286566,-20.5220549],[18.8498948,-20.5035659],[18.8669698,-20.4952165],[18.8881901,-20.4909311],[18.915271,-20.4769877],[18.9374666,-20.4766534],[18.9477194,-20.4667142],[18.9652526,-20.4609041],[18.9810846,-20.4612279],[18.9861322,-20.455063],[18.998159,-20.4558135],[19.0159522,-20.4516392],[19.029435,-20.4348961],[19.0353664,-20.4158618],[19.0473711,-20.4125389],[19.0586422,-20.3979969],[19.0858021,-20.3901536],[19.0936655,-20.3914097],[19.1328526,-20.3667151],[19.1408463,-20.3688782],[19.1640167,-20.3568937],[19.1770947,-20.3562959],[19.185436,-20.3478116],[19.2036284,-20.3415545],[19.2128644,-20.339313],[19.2204254,-20.3413291],[19.2292127,-20.3351475],[19.2394126,-20.3367039],[19.2519388,-20.3327366],[19.2674725,-20.3261499],[19.2855886,-20.3120853],[19.3016225,-20.3169389],[19.3085092,-20.3100246],[19.3600194,-20.2885141],[19.3606413,-20.2625908],[19.4072198,-20.2398682],[19.456042,-20.2409108],[19.505495,-20.2461055],[19.5295959,-20.2532572],[19.5427545,-20.2620847],[19.5596723,-20.2495088],[19.5670701,-20.2585523],[19.6397336,-20.2768345],[19.7088793,-20.2701391],[19.7321202,-20.262241],[19.748523,-20.2707977],[19.7754841,-20.2766408],[19.794567,-20.2768109],[19.8069232,-20.2730096],[19.8169481,-20.2768876],[19.8264035,-20.2742036],[19.8405254,-20.2800441],[19.8551547,-20.2786003],[19.8711538,-20.2857702],[19.8829374,-20.2871718],[19.8901701,-20.2838544],[19.9246179,-20.294309],[19.9299514,-20.2889668],[19.9351813,-20.2919338],[19.9889636,-20.2917569],[20.0728014,-20.3065796],[20.0905733,-20.3055498],[20.1019981,-20.3117105],[20.1184666,-20.3035684],[20.1257251,-20.3060926],[20.1306438,-20.3147572],[20.1445125,-20.3136165],[20.1697397,-20.3231382],[20.182035,-20.3214379],[20.2057457,-20.3256233],[20.2113354,-20.3225044],[20.2250576,-20.3223535],[20.2396885,-20.3261962],[20.2490695,-20.3217962],[20.2766813,-20.3251986],[20.2903318,-20.3372028],[20.2999106,-20.3388316],[20.3153729,-20.3329976],[20.324039,-20.3358775],[20.3369634,-20.3339332],[20.3484821,-20.3374643],[20.3480652,-20.3536074],[20.3514969,-20.355179],[20.3934038,-20.3545956],[20.4051089,-20.3608521],[20.4307457,-20.3574804],[20.4560541,-20.3623999],[20.456837,-20.3551758],[20.4623485,-20.3524195],[20.474267,-20.355008],[20.4920378,-20.3522259],[20.5055019,-20.3563637],[20.5141568,-20.3536702],[20.5373642,-20.3546466],[20.5731869,-20.3610231],[20.5840444,-20.3657505],[20.6051201,-20.364519],[20.6133762,-20.3611134],[20.6177958,-20.3702399],[20.6246745,-20.3663943],[20.6468333,-20.3705829],[20.6621543,-20.3874082],[20.6815481,-20.3897777],[20.6976843,-20.3870121],[20.7283366,-20.3939109],[20.7460038,-20.3901333],[20.763763,-20.3938635],[20.7709145,-20.3891019],[20.7792878,-20.394474],[20.7877775,-20.3863861],[20.7988473,-20.3888807],[20.8022819,-20.3879471],[20.8052194,-20.3811287],[20.8228083,-20.3786924],[20.8324739,-20.3724911],[20.8340478,-20.3641513],[20.8376419,-20.3615059],[20.8434074,-20.3621942],[20.8486195,-20.3586974],[20.8598935,-20.3649057],[20.8706868,-20.3590315],[20.8834501,-20.3655743],[20.890957,-20.3558837],[20.9012653,-20.3564715],[20.9061626,-20.3693558],[20.9187519,-20.3719764],[20.9321952,-20.3675208],[20.9448756,-20.376563],[20.9465572,-20.3855338],[20.9500322,-20.3868725],[20.9989024,-20.3940501],[20.9990219,-19.1657517],[19.2034655,-19.1664515],[19.2033526,-18.8068761],[18.2024935,-18.7475439],[18.1924293,-18.8264451],[18.1838167,-18.8418995],[18.1849718,-18.9680888],[18.1058388,-18.970374],[18.0931816,-19.0373342],[18.0238794,-19.0318654],[18.0285528,-19.0866167],[18.0423346,-19.1554419],[18.0210895,-19.1530339],[18.0218167,-19.2229372],[18.0135627,-19.2784202],[17.9498331,-19.2845042],[17.9515296,-19.3266033],[17.9062985,-19.3317633],[17.9048049,-19.3579306],[17.8929107,-19.3567431],[17.8942965,-19.4142466],[17.9483551,-19.4828819],[17.8561876,-19.5334204],[17.8360628,-19.4800246],[17.8177443,-19.4832255],[17.7526595,-19.5081785],[17.6854218,-19.5087816],[17.5963902,-19.4431834],[17.5787562,-19.4676431],[17.5034261,-19.4184123],[17.5089396,-19.4090788],[17.4357442,-19.3656817],[17.4232955,-19.3936851],[17.3756871,-19.3512754],[17.3795088,-19.3111612],[17.3782065,-19.2732167],[17.4180816,-19.2695545],[17.4204658,-19.2234744],[17.3532565,-19.2318193],[17.3577711,-19.2667678],[17.3123738,-19.2701615],[17.3168468,-19.2111221],[17.309342,-19.2141565],[17.2851023,-19.1612556],[17.2161004,-19.188567],[17.194111,-19.1377802],[17.1247284,-19.1637519],[17.1273802,-19.1758387],[17.1147512,-19.1895102],[17.1159251,-19.2052836],[16.990746,-19.3467485],[16.8966162,-19.3884813],[16.7015604,-19.4869573],[16.7224832,-19.5820263],[16.6994465,-19.940461],[16.7104915,-19.965725],[16.6924409,-19.9886902],[16.6130997,-20.0137016],[16.5220754,-20.0174182],[16.5242183,-20.0724466],[16.5518725,-20.1361998],[16.4827431,-20.1359532],[16.4596634,-20.1426933],[16.3764679,-20.1922592],[16.3333443,-20.2015144],[16.3075699,-20.2276693],[16.3044515,-20.3049212],[16.3216187,-20.333736],[16.3150098,-20.3831856],[16.236472,-20.4194305],[16.2170664,-20.3844178],[16.1706112,-20.3931575],[16.1228217,-20.4166214],[16.0466078,-20.4120637],[15.9613094,-20.4372329],[15.9225537,-20.4697348],[15.858342,-20.5470485],[15.7949725,-20.4822744],[15.7783467,-20.4311784],[15.6845457,-20.4471118],[15.7049302,-20.4860568],[15.6750427,-20.5229386],[15.6637654,-20.5602244],[15.5724597,-20.5580337]]]}},{"type":"Feature","properties":{"name":"Zambezi","osmId":2279554,"officialKm2":14785},"geometry":{"type":"Polygon","coordinates":[[[22.5000204,-18.1175994],[23.098367,-18.000819],[23.2969994,-18.000761],[23.296542,-18.006045],[23.3022413,-18.0017206],[23.306038,-18.003972],[23.3086087,-18.0017541],[23.3088,-18.006809],[23.3042068,-18.0118449],[23.3115486,-18.0155932],[23.3170813,-18.023619],[23.3079521,-18.0332354],[23.307935,-18.0374733],[23.3127469,-18.0401664],[23.3156061,-18.0369785],[23.320815,-18.0381823],[23.3213091,-18.0493298],[23.3348767,-18.0519232],[23.32934,-18.056707],[23.325677,-18.053137],[23.320275,-18.058552],[23.324211,-18.0637115],[23.320793,-18.068608],[23.3247735,-18.0709782],[23.322209,-18.076361],[23.3267131,-18.079134],[23.3241809,-18.082758],[23.3313643,-18.084123],[23.333776,-18.088836],[23.3399517,-18.0859815],[23.3453934,-18.0962863],[23.349019,-18.096852],[23.347828,-18.102803],[23.3526314,-18.1043547],[23.3502998,-18.109906],[23.358267,-18.112643],[23.357986,-18.117725],[23.3674633,-18.1163051],[23.362884,-18.12061],[23.3663853,-18.1232829],[23.3637788,-18.1269915],[23.3713443,-18.134195],[23.380496,-18.13629],[23.379259,-18.143766],[23.384588,-18.156546],[23.384299,-18.163749],[23.3899337,-18.1617035],[23.390902,-18.166572],[23.402951,-18.174641],[23.404751,-18.188491],[23.398549,-18.192381],[23.4025231,-18.1959289],[23.39954,-18.197286],[23.397462,-18.208107],[23.402043,-18.2089796],[23.402338,-18.2040417],[23.4067053,-18.2060513],[23.4103578,-18.2035585],[23.42066,-18.213604],[23.4203008,-18.2055934],[23.424202,-18.204085],[23.427311,-18.210113],[23.434557,-18.20908],[23.4336233,-18.213502],[23.44553,-18.212885],[23.451097,-18.220696],[23.44696,-18.224765],[23.451078,-18.227182],[23.449396,-18.229985],[23.4531069,-18.2361125],[23.45827,-18.233484],[23.465985,-18.242172],[23.468067,-18.240991],[23.466997,-18.245815],[23.469241,-18.246741],[23.476718,-18.24153],[23.482576,-18.244486],[23.4885053,-18.2412227],[23.4932153,-18.2440898],[23.5008281,-18.2420092],[23.4980902,-18.2549235],[23.504512,-18.253332],[23.501133,-18.258843],[23.506602,-18.261819],[23.503009,-18.266084],[23.520253,-18.268303],[23.521106,-18.275833],[23.524061,-18.272509],[23.525821,-18.273114],[23.523712,-18.276566],[23.52664,-18.278782],[23.521951,-18.285312],[23.530899,-18.285669],[23.525846,-18.290781],[23.5340254,-18.2961514],[23.5298,-18.303914],[23.529415,-18.313149],[23.527468,-18.312424],[23.532618,-18.316453],[23.5279317,-18.3191514],[23.528882,-18.3219151],[23.537009,-18.319021],[23.5368186,-18.3271629],[23.543128,-18.328903],[23.5512221,-18.3371982],[23.554081,-18.33809],[23.553958,-18.333976],[23.558774,-18.337226],[23.552123,-18.346798],[23.5552,-18.350031],[23.553521,-18.358302],[23.5625182,-18.3647172],[23.560862,-18.367533],[23.5644642,-18.3699559],[23.5601646,-18.3755267],[23.5523553,-18.3739893],[23.550045,-18.388708],[23.560595,-18.391635],[23.5643703,-18.4136177],[23.559254,-18.4175953],[23.558504,-18.426192],[23.5536629,-18.4332961],[23.5617739,-18.450255],[23.5717946,-18.4550179],[23.5686243,-18.4604626],[23.5732779,-18.4675976],[23.5706091,-18.4723918],[23.5668996,-18.4728256],[23.5700941,-18.4773081],[23.5676627,-18.4806762],[23.5787134,-18.4845264],[23.583336,-18.491056],[23.586378,-18.489439],[23.593152,-18.496301],[23.596146,-18.494274],[23.600984,-18.498683],[23.616002,-18.502329],[23.6470252,-18.4782226],[23.6564559,-18.4787429],[23.664779,-18.471888],[23.6750811,-18.4527662],[23.679123,-18.451831],[23.678796,-18.4469676],[23.683341,-18.4425569],[23.682631,-18.435423],[23.6871189,-18.4307299],[23.6897582,-18.4342885],[23.7021822,-18.4305734],[23.7091854,-18.4358827],[23.7199947,-18.4350213],[23.7236237,-18.4288227],[23.7305921,-18.4288303],[23.7349923,-18.4232129],[23.737582,-18.4250183],[23.7436813,-18.4139994],[23.7467739,-18.4147298],[23.7453724,-18.4113031],[23.7560087,-18.4032291],[23.7620142,-18.4057894],[23.7645328,-18.3977165],[23.7696075,-18.3972864],[23.774972,-18.3876019],[23.778976,-18.389008],[23.786992,-18.384526],[23.79619,-18.373564],[23.792992,-18.365541],[23.803076,-18.360247],[23.800707,-18.357634],[23.806613,-18.355072],[23.804059,-18.351382],[23.808451,-18.353531],[23.804847,-18.348629],[23.808209,-18.346137],[23.804522,-18.344949],[23.805992,-18.341808],[23.8029586,-18.3399729],[23.82096,-18.333154],[23.820704,-18.3305503],[23.8273465,-18.3345823],[23.8330473,-18.3292881],[23.8338464,-18.3231921],[23.835788,-18.328499],[23.8391495,-18.3242421],[23.841016,-18.327851],[23.8444707,-18.3267975],[23.8409999,-18.3235867],[23.849445,-18.318177],[23.8512272,-18.3020445],[23.859918,-18.303669],[23.8605183,-18.3009062],[23.8641635,-18.30495],[23.861559,-18.295643],[23.8732025,-18.2893878],[23.870168,-18.288285],[23.868797,-18.282136],[23.8773572,-18.2774534],[23.8769066,-18.273493],[23.8817654,-18.2756613],[23.8832232,-18.2699221],[23.8866511,-18.2708976],[23.8877428,-18.2663843],[23.8921469,-18.2689874],[23.8957196,-18.2630273],[23.904536,-18.266186],[23.9079854,-18.2598026],[23.908702,-18.265033],[23.9153427,-18.2631011],[23.9175206,-18.2567027],[23.9207876,-18.2563486],[23.919687,-18.253278],[23.9250845,-18.2562824],[23.9268172,-18.2493845],[23.932093,-18.250542],[23.930498,-18.246472],[23.933569,-18.244072],[23.9342871,-18.2361329],[23.930215,-18.235082],[23.9282066,-18.2288469],[23.9190173,-18.2245924],[23.931496,-18.2044],[23.941592,-18.205135],[23.942839,-18.200221],[23.946729,-18.19975],[23.954832,-18.189641],[23.958375,-18.190095],[23.959605,-18.187791],[23.956161,-18.186527],[23.959754,-18.183992],[23.963052,-18.190664],[23.969719,-18.190564],[23.969386,-18.186371],[23.975355,-18.19138],[23.974473,-18.187932],[23.982001,-18.185226],[23.982884,-18.182392],[23.980077,-18.181434],[23.988189,-18.176612],[23.986615,-18.173622],[23.990679,-18.175229],[23.989172,-18.165344],[23.991495,-18.169666],[23.995518,-18.167501],[23.998676,-18.169684],[23.997921,-18.166276],[24.001243,-18.166355],[23.9984128,-18.1633943],[24.0055088,-18.1662555],[24.0086616,-18.1544379],[24.0158276,-18.1525231],[24.012851,-18.149897],[24.0148159,-18.1470427],[24.018681,-18.146408],[24.019605,-18.150938],[24.0225433,-18.1436448],[24.024619,-18.14874],[24.031074,-18.146274],[24.0290722,-18.1401364],[24.044968,-18.1361231],[24.048775,-18.13827],[24.0480492,-18.1343209],[24.0526364,-18.1347576],[24.0566879,-18.129864],[24.0547504,-18.128475],[24.0578994,-18.1280786],[24.0578456,-18.1259317],[24.053356,-18.126728],[24.054921,-18.1222675],[24.0610786,-18.1233254],[24.057503,-18.117567],[24.055188,-18.119416],[24.056782,-18.114194],[24.0513099,-18.1098788],[24.0590452,-18.1106354],[24.057931,-18.113633],[24.0634114,-18.113131],[24.063024,-18.116473],[24.0648135,-18.1113988],[24.0674,-18.115094],[24.0774415,-18.1151154],[24.080728,-18.11921],[24.0832443,-18.1150998],[24.08988,-18.12053],[24.1003025,-18.1116],[24.1037625,-18.1129282],[24.1033763,-18.1091603],[24.1080192,-18.1104452],[24.1075766,-18.1066645],[24.114894,-18.103113],[24.1120076,-18.101173],[24.1176081,-18.1013489],[24.1169858,-18.0983125],[24.120824,-18.097466],[24.1195849,-18.0929023],[24.1238818,-18.0948094],[24.1274786,-18.0866226],[24.131713,-18.085824],[24.1316843,-18.0832697],[24.1358873,-18.0852254],[24.143293,-18.075547],[24.146741,-18.07877],[24.149022,-18.070767],[24.152054,-18.069934],[24.149064,-18.066811],[24.15307,-18.067419],[24.15864,-18.063065],[24.156241,-18.06055],[24.159481,-18.059784],[24.1601137,-18.0521527],[24.1656325,-18.0473562],[24.1732896,-18.0479192],[24.173753,-18.042755],[24.1670136,-18.0395872],[24.1687099,-18.0361248],[24.177213,-18.037092],[24.1798113,-18.0409085],[24.1872713,-18.0345589],[24.189996,-18.025342],[24.195042,-18.026241],[24.191445,-18.022202],[24.195809,-18.018342],[24.197366,-18.023056],[24.20031,-18.017701],[24.210537,-18.016601],[24.21355,-18.02049],[24.219047,-18.019901],[24.22354,-18.024167],[24.234538,-18.023551],[24.237057,-18.026582],[24.244051,-18.024604],[24.245015,-18.018941],[24.254243,-18.016232],[24.255858,-18.018455],[24.268679,-18.011292],[24.279471,-18.01672],[24.285602,-18.030786],[24.294422,-18.0366087],[24.2937729,-18.0306916],[24.3023318,-18.0178648],[24.3035576,-18.0070037],[24.317496,-17.997171],[24.326918,-17.997595],[24.331031,-17.98811],[24.3503916,-17.9702615],[24.3519178,-17.9628956],[24.360424,-17.962077],[24.370439,-17.950048],[24.382934,-17.950807],[24.3880928,-17.9471714],[24.3907267,-17.9555255],[24.3989825,-17.9587277],[24.40332,-17.9572298],[24.4033518,-17.9517389],[24.4077849,-17.9509198],[24.418198,-17.959962],[24.423463,-17.951792],[24.443546,-17.964709],[24.449801,-17.9734315],[24.4503577,-17.9654619],[24.457381,-17.963502],[24.4555181,-17.9742071],[24.4593285,-17.9816288],[24.454469,-17.984984],[24.4655448,-17.9892116],[24.466835,-17.9965864],[24.4715487,-17.9942414],[24.470886,-18.006198],[24.47941,-18.007522],[24.487208,-18.014742],[24.483792,-18.018317],[24.486185,-18.022063],[24.481686,-18.025566],[24.485117,-18.027247],[24.482716,-18.031534],[24.484936,-18.032913],[24.481595,-18.034897],[24.482936,-18.037866],[24.49032,-18.038263],[24.488226,-18.043521],[24.492457,-18.042727],[24.4888881,-18.0457722],[24.498735,-18.042217],[24.498967,-18.052667],[24.495201,-18.055156],[24.505099,-18.059858],[24.505998,-18.064622],[24.511886,-18.063597],[24.508825,-18.057485],[24.510608,-18.055644],[24.518715,-18.063269],[24.523853,-18.057198],[24.522129,-18.051251],[24.531315,-18.054408],[24.528567,-18.059113],[24.534117,-18.058496],[24.532538,-18.062896],[24.5389,-18.070303],[24.541085,-18.064665],[24.543547,-18.070559],[24.549473,-18.070271],[24.5508,-18.065411],[24.553048,-18.068928],[24.559432,-18.066317],[24.566578,-18.07171],[24.5717635,-18.0687455],[24.575423,-18.073872],[24.579237,-18.069782],[24.578198,-18.065042],[24.582549,-18.06255],[24.581916,-18.057567],[24.587743,-18.056901],[24.58922,-18.053168],[24.5980521,-18.0490942],[24.5974326,-18.0426168],[24.601379,-18.042308],[24.598976,-18.035588],[24.608407,-18.034987],[24.605112,-18.031124],[24.610404,-18.026757],[24.6074336,-18.0236114],[24.616149,-18.02048],[24.613679,-18.018327],[24.616453,-18.017303],[24.6120961,-18.015575],[24.614564,-18.011323],[24.6115782,-18.0073414],[24.615946,-18.008624],[24.618914,-18.004297],[24.6157074,-18.0036751],[24.616861,-17.99437],[24.624452,-17.996103],[24.624598,-17.992832],[24.6285715,-17.9955505],[24.6277033,-17.9836708],[24.6324162,-17.9817561],[24.6345999,-17.9845959],[24.63579,-17.978011],[24.641418,-17.980246],[24.646119,-17.978299],[24.649349,-17.968257],[24.655189,-17.968137],[24.662561,-17.961667],[24.665782,-17.949755],[24.6700302,-17.9515255],[24.6745514,-17.9453217],[24.6809947,-17.9486995],[24.681182,-17.945329],[24.689272,-17.942795],[24.694341,-17.936874],[24.696388,-17.938854],[24.693293,-17.942351],[24.699233,-17.942878],[24.706785,-17.932797],[24.708508,-17.922058],[24.714379,-17.92033],[24.72001,-17.922745],[24.718661,-17.915805],[24.724369,-17.915928],[24.726579,-17.912102],[24.723962,-17.903865],[24.727609,-17.899417],[24.7340391,-17.8987158],[24.730604,-17.894824],[24.734676,-17.893095],[24.73571,-17.888139],[24.739665,-17.8882595],[24.7393812,-17.8842916],[24.7472763,-17.8876491],[24.750095,-17.89674],[24.757183,-17.894948],[24.765518,-17.886817],[24.769789,-17.887245],[24.770781,-17.881576],[24.774669,-17.882309],[24.770759,-17.872211],[24.778197,-17.876595],[24.794094,-17.869945],[24.795942,-17.875693],[24.821813,-17.852037],[24.823453,-17.845911],[24.83146,-17.847373],[24.830538,-17.850356],[24.842555,-17.846758],[24.8540998,-17.8504956],[24.889308,-17.828534],[24.900629,-17.830303],[24.911118,-17.810075],[24.916388,-17.815045],[24.920991,-17.811509],[24.927584,-17.813942],[24.926328,-17.809259],[24.928758,-17.808836],[24.930069,-17.815102],[24.933632,-17.816713],[24.930042,-17.819211],[24.931953,-17.819921],[24.939283,-17.810884],[24.953453,-17.801874],[24.953194,-17.795799],[24.959569,-17.788318],[24.975923,-17.788237],[24.982176,-17.792741],[24.980483,-17.797956],[24.967133,-17.800977],[24.964545,-17.804521],[24.967989,-17.810654],[24.975297,-17.810076],[24.980812,-17.813302],[24.97506,-17.8195359],[24.976372,-17.825925],[24.9940081,-17.8298637],[24.997378,-17.817941],[25.0047452,-17.8157961],[25.009843,-17.820013],[25.009455,-17.82578],[25.003662,-17.824973],[24.999899,-17.83138],[25.00491,-17.837915],[25.013392,-17.838283],[25.044031,-17.811581],[25.054174,-17.807759],[25.060073,-17.812557],[25.061542,-17.825934],[25.058556,-17.83034],[25.051922,-17.827721],[25.049254,-17.830658],[25.054542,-17.836432],[25.065653,-17.841003],[25.116152,-17.825809],[25.129017,-17.801934],[25.143938,-17.807969],[25.156856,-17.781182],[25.16252,-17.778254],[25.17665,-17.779653],[25.222698,-17.793638],[25.237204,-17.791542],[25.2552188,-17.7953334],[25.2617292,-17.7905169],[25.2260584,-17.7682399],[25.1937839,-17.7695862],[25.1871906,-17.7660035],[25.1688744,-17.745843],[25.1563855,-17.7424554],[25.1557916,-17.7371705],[25.1611254,-17.7301034],[25.1585626,-17.7163943],[25.1517243,-17.7057347],[25.1474474,-17.7040479],[25.1353516,-17.7125053],[25.1331973,-17.7070687],[25.1363012,-17.6990661],[25.1310218,-17.6931795],[25.1206561,-17.6937193],[25.1055499,-17.7071292],[25.0944613,-17.709074],[25.0930466,-17.7052872],[25.1085038,-17.6812891],[25.1049926,-17.665325],[25.0868388,-17.6605174],[25.0830551,-17.6425047],[25.0662614,-17.6298991],[25.0657291,-17.615653],[25.0561354,-17.6139986],[25.0544403,-17.6284537],[25.0494888,-17.6311745],[25.044002,-17.6291764],[25.0424606,-17.6191217],[25.0510613,-17.6006427],[25.0471715,-17.589939],[25.0321752,-17.5866531],[25.012112,-17.597458],[25.0018065,-17.5948837],[24.9946033,-17.5867627],[24.9884979,-17.5638215],[24.9781214,-17.5533863],[24.9602129,-17.5651762],[24.9447149,-17.5688359],[24.9408238,-17.5640578],[24.9475844,-17.5547232],[24.94493,-17.5487079],[24.9077265,-17.5544465],[24.8974743,-17.5477382],[24.879981,-17.5272791],[24.8511866,-17.5294764],[24.8290531,-17.5200612],[24.8025427,-17.5364968],[24.794303,-17.5366605],[24.7887239,-17.5321182],[24.7825268,-17.5091898],[24.7750714,-17.5097797],[24.7623739,-17.5181633],[24.7404013,-17.5099782],[24.7272137,-17.4998752],[24.7083006,-17.4972085],[24.6779165,-17.5014652],[24.6678637,-17.509997],[24.6587548,-17.5118746],[24.6522899,-17.509213],[24.6449927,-17.5200593],[24.634126,-17.5118249],[24.6272731,-17.5107548],[24.6226416,-17.5148893],[24.6178351,-17.5284762],[24.6111403,-17.5342052],[24.584122,-17.5333503],[24.5639334,-17.5394431],[24.5547386,-17.5358205],[24.5455656,-17.5093233],[24.5370907,-17.5077639],[24.523593,-17.5143982],[24.5120917,-17.5132523],[24.4762743,-17.4880087],[24.4530401,-17.4798535],[24.4313313,-17.4793424],[24.3878088,-17.4701929],[24.326869,-17.4918057],[24.3100237,-17.4861051],[24.2856703,-17.4842743],[24.2785075,-17.484945],[24.2698023,-17.4916932],[24.2594061,-17.4875489],[24.2486378,-17.4741607],[23.4766251,-17.6293631],[22.5000895,-17.821016],[22.5000204,-18.1175994]]]}},{"type":"Feature","properties":{"name":"Karas","osmId":2279557,"officialKm2":161514},"geometry":{"type":"Polygon","coordinates":[[[14.8020387,-25.2987459],[14.8132825,-25.3228961],[14.8099673,-25.3374373],[14.8127353,-25.3576678],[14.8080655,-25.3682456],[14.811877,-25.3876415],[14.8446375,-25.4318661],[14.8384201,-25.4505503],[14.8375404,-25.4654054],[14.8626888,-25.4982139],[14.8832605,-25.54413],[14.8827519,-25.5642127],[14.8699173,-25.5855219],[14.8571585,-25.5975122],[14.8510604,-25.6176152],[14.847657,-25.6198644],[14.8491396,-25.6246651],[14.8448001,-25.6290949],[14.8437071,-25.6457294],[14.8385235,-25.6554554],[14.8411694,-25.6609814],[14.8373204,-25.6843909],[14.8486018,-25.7073279],[14.8492455,-25.7237315],[14.8440313,-25.7329811],[14.831315,-25.7315096],[14.8289359,-25.7507751],[14.8401663,-25.7599091],[14.8428297,-25.7740785],[14.8585045,-25.7870677],[14.8592019,-25.7981331],[14.8891944,-25.8226803],[14.9084687,-25.8483906],[14.9118483,-25.8592139],[14.9073422,-25.8623226],[14.908576,-25.8711753],[14.9038982,-25.8910599],[14.9109417,-25.9314174],[14.9570167,-25.9964313],[14.9609971,-26.0093912],[14.9592215,-26.0217567],[14.9709266,-26.0433029],[14.972198,-26.0563877],[14.9818754,-26.0835455],[14.9776536,-26.0906423],[14.9779487,-26.1161304],[14.9667585,-26.1351839],[14.9508798,-26.1436981],[14.944759,-26.141743],[14.9440026,-26.1349719],[14.936192,-26.1321016],[14.9301678,-26.1384298],[14.9367821,-26.1526596],[14.9693012,-26.1897646],[14.9689364,-26.1963159],[14.964661,-26.1984627],[14.9654817,-26.2110681],[14.9569094,-26.223677],[14.9523497,-26.2254575],[14.9520492,-26.2334551],[14.9580681,-26.2506227],[14.9508262,-26.2546255],[14.9535513,-26.2692933],[14.9498606,-26.2823048],[14.9568879,-26.2954253],[14.9570489,-26.3018552],[14.9535137,-26.3027881],[14.9521995,-26.3083713],[14.9493778,-26.3074696],[14.9495065,-26.310766],[14.9766183,-26.3429701],[15.0314909,-26.3629188],[15.0924683,-26.4035075],[15.0984925,-26.4212648],[15.1179278,-26.4373478],[15.1238716,-26.4462434],[15.1218653,-26.457626],[15.1134002,-26.4575396],[15.1249552,-26.4747603],[15.122273,-26.4829232],[15.1331413,-26.4920553],[15.1415634,-26.5053537],[15.14166,-26.5476198],[15.1453292,-26.5530903],[15.148564,-26.5781458],[15.1585686,-26.5825306],[15.1698232,-26.5795322],[15.1752627,-26.5854857],[15.1772153,-26.606534],[15.1657832,-26.6145456],[15.1674981,-26.6306335],[15.1606292,-26.6334859],[15.159866,-26.64034],[15.1547875,-26.6439413],[15.1521917,-26.6306727],[15.150732,-26.6339077],[15.151492,-26.6467475],[15.1476751,-26.6603443],[15.1521077,-26.6581752],[15.155645,-26.6627021],[15.1466191,-26.6676485],[15.1517516,-26.6831288],[15.1428133,-26.6864228],[15.1404154,-26.6734618],[15.1325834,-26.6677573],[15.1330125,-26.6580447],[15.1289248,-26.6551922],[15.1359522,-26.6508868],[15.1368856,-26.6442079],[15.1318511,-26.6374015],[15.1310492,-26.6286047],[15.1273584,-26.6263028],[15.1232761,-26.6388041],[15.1078266,-26.6466292],[15.0945765,-26.6424914],[15.0924495,-26.6322563],[15.0880802,-26.6351862],[15.0906095,-26.6428126],[15.0884476,-26.6447713],[15.0917172,-26.6481203],[15.0802749,-26.6574646],[15.0825065,-26.6651591],[15.0787085,-26.6773732],[15.0805083,-26.6917716],[15.0857949,-26.7034797],[15.0885434,-26.7022897],[15.0854838,-26.7070308],[15.0870556,-26.7226137],[15.0944048,-26.7410928],[15.0947589,-26.7367428],[15.0998926,-26.7345821],[15.1072741,-26.7355691],[15.1109111,-26.740082],[15.1082611,-26.7452176],[15.1101762,-26.7592768],[15.1050934,-26.7624203],[15.1044578,-26.7672033],[15.1064157,-26.7749101],[15.1106912,-26.7749532],[15.1156694,-26.7809827],[15.1137543,-26.7854603],[15.1193762,-26.8001419],[15.1168764,-26.8051311],[15.1219833,-26.8111111],[15.1246333,-26.8071133],[15.128662,-26.80764],[15.1331668,-26.8297841],[15.1370949,-26.8316821],[15.1415688,-26.8287717],[15.1369004,-26.8424641],[15.1411235,-26.8440651],[15.1400721,-26.8478678],[15.1460507,-26.8584591],[15.1510289,-26.8514741],[15.1561949,-26.8532066],[15.1569968,-26.8625365],[15.1509351,-26.8679273],[15.1601511,-26.8750333],[15.1566884,-26.8752271],[15.1549637,-26.8852106],[15.1518041,-26.8859163],[15.1501948,-26.9029553],[15.1587188,-26.9090067],[15.1725858,-26.9092937],[15.1864931,-26.9193842],[15.1891136,-26.9247245],[15.1922974,-26.9239078],[15.191136,-26.9167869],[15.1946819,-26.9147134],[15.2126956,-26.9183104],[15.2224374,-26.9261832],[15.2311921,-26.9394788],[15.2306503,-26.9470968],[15.2382517,-26.9615996],[15.239802,-26.9766647],[15.2340567,-26.9886995],[15.2360737,-27.0037155],[15.2315783,-27.0067075],[15.2288854,-27.0165599],[15.2323374,-27.0263302],[15.2292368,-27.032179],[15.232316,-27.0441339],[15.230433,-27.0482977],[15.2343732,-27.0530896],[15.2337255,-27.0591067],[15.2385387,-27.0603225],[15.2359664,-27.0631744],[15.2392602,-27.0627564],[15.2490663,-27.074259],[15.2566355,-27.091396],[15.2573919,-27.102633],[15.2527034,-27.1070501],[15.2485457,-27.1058192],[15.2488483,-27.1106289],[15.2534357,-27.1309139],[15.2644703,-27.1451065],[15.2617559,-27.1489921],[15.2652696,-27.1639151],[15.2722728,-27.1738539],[15.2645481,-27.1805183],[15.2603853,-27.2023196],[15.2652897,-27.2107009],[15.26292,-27.2171209],[15.2648672,-27.2261344],[15.2718195,-27.2335707],[15.2729166,-27.2395208],[15.2804026,-27.2442401],[15.2796704,-27.2607002],[15.2851582,-27.269474],[15.2837419,-27.277985],[15.287945,-27.283313],[15.2846418,-27.285925],[15.2875775,-27.2887765],[15.2883071,-27.3056292],[15.2933282,-27.3131353],[15.2944332,-27.3217215],[15.3060847,-27.3299377],[15.312683,-27.3413604],[15.3117496,-27.347431],[15.3141984,-27.3468425],[15.3145498,-27.3529891],[15.3199303,-27.3563433],[15.3240877,-27.3682801],[15.3359967,-27.3734442],[15.3426915,-27.3898017],[15.3597772,-27.4021563],[15.357838,-27.4073759],[15.3659195,-27.4162573],[15.3707114,-27.440649],[15.3789496,-27.4449821],[15.380103,-27.4492095],[15.3874791,-27.4516517],[15.3919181,-27.4612363],[15.3999031,-27.463571],[15.4217577,-27.4808052],[15.4282404,-27.4975753],[15.4419923,-27.511816],[15.4401469,-27.5204844],[15.4496553,-27.5295873],[15.4540153,-27.5437563],[15.4664326,-27.5571436],[15.4678595,-27.5661508],[15.4604432,-27.569073],[15.4967308,-27.6045775],[15.49775,-27.6117744],[15.51777,-27.6331534],[15.518564,-27.6391509],[15.5300116,-27.6543666],[15.5298185,-27.6609046],[15.5242053,-27.6644818],[15.5208063,-27.6762836],[15.5239713,-27.6814284],[15.5224746,-27.6867963],[15.5354619,-27.7029457],[15.5350274,-27.7089679],[15.5296147,-27.7118602],[15.5329031,-27.7265529],[15.5479503,-27.7416947],[15.5487657,-27.7540051],[15.568319,-27.7679849],[15.5829397,-27.7892407],[15.6240821,-27.8251956],[15.6469774,-27.8536473],[15.6522587,-27.8714958],[15.6829755,-27.9062116],[15.6858811,-27.9135114],[15.685072,-27.9266123],[15.675372,-27.9323734],[15.6768224,-27.9444361],[15.6802744,-27.9525394],[15.7061845,-27.9812609],[15.7168221,-27.9989581],[15.7664752,-28.0491253],[15.7992947,-28.0766189],[15.8115685,-28.0935148],[15.8558571,-28.1320011],[16.0413372,-28.2744795],[16.1179948,-28.350411],[16.2175584,-28.4391289],[16.2638817,-28.4920204],[16.3235056,-28.5488379],[16.3881361,-28.5962786],[16.4529437,-28.633041],[16.45218,-28.6121],[16.45578,-28.59211],[16.46539,-28.58299],[16.46791,-28.57322],[16.48083,-28.56513],[16.5302,-28.55446],[16.56914,-28.53997],[16.59583,-28.53388],[16.61266,-28.52031],[16.62113,-28.50013],[16.67243,-28.47235],[16.68702,-28.4702],[16.69444,-28.47426],[16.69774,-28.49175],[16.70219,-28.49764],[16.71933,-28.50094],[16.73399,-28.49426],[16.75022,-28.46379],[16.76893,-28.45302],[16.77654,-28.44174],[16.76712,-28.4091],[16.76918,-28.39639],[16.78856,-28.38162],[16.8010796,-28.3662446],[16.809243,-28.3625764],[16.7888,-28.34607],[16.77979,-28.32164],[16.7666002,-28.3143287],[16.7549685,-28.3019908],[16.7517591,-28.2908245],[16.75449,-28.27279],[16.7602,-28.26264],[16.7763859,-28.2589872],[16.80237,-28.27542],[16.81531,-28.2761],[16.82474,-28.26902],[16.82598,-28.2451],[16.80668,-28.23347],[16.80306,-28.22202],[16.81078,-28.21376],[16.8329,-28.2176],[16.84801,-28.21608],[16.85606,-28.21169],[16.85685,-28.20625],[16.8524542,-28.1994846],[16.8305772,-28.1838227],[16.8269505,-28.1742793],[16.83128,-28.16668],[16.8450059,-28.1648099],[16.86364,-28.17333],[16.87073,-28.182],[16.88223,-28.17831],[16.88793,-28.17288],[16.883865,-28.1502098],[16.888875,-28.1403668],[16.8893479,-28.1182337],[16.880984,-28.0988729],[16.88592,-28.08807],[16.9041663,-28.0710336],[16.9251573,-28.0692207],[16.9465157,-28.0761148],[16.95475,-28.07588],[16.97357,-28.05874],[16.98153,-28.06036],[16.99101,-28.07067],[17.00307,-28.07523],[17.0122,-28.06766],[17.02152,-28.0521],[17.05125,-28.04906],[17.0664051,-28.0426628],[17.0710239,-28.0359773],[17.0788272,-28.0326814],[17.0948183,-28.0406415],[17.12549,-28.06726],[17.1308508,-28.0851333],[17.13823,-28.09306],[17.16635,-28.1003],[17.1786261,-28.0985902],[17.1923053,-28.1086373],[17.19639,-28.1297],[17.19321,-28.15165],[17.1832,-28.18285],[17.18245,-28.20343],[17.19531,-28.22766],[17.21456,-28.24779],[17.23087,-28.25076],[17.25539,-28.23784],[17.27806,-28.24538],[17.30763,-28.22419],[17.33327,-28.22579],[17.35535,-28.2516],[17.36222,-28.2744],[17.3701062,-28.2784194],[17.3816272,-28.2956768],[17.3749128,-28.3206338],[17.4042642,-28.3553395],[17.413314,-28.3760761],[17.4091731,-28.4016148],[17.39614,-28.42796],[17.3848,-28.43696],[17.34867,-28.43903],[17.347,-28.44494],[17.33897,-28.45275],[17.3331,-28.47554],[17.34066,-28.49601],[17.36645,-28.51006],[17.37615,-28.53841],[17.37734,-28.53663],[17.37626,-28.56201],[17.38022,-28.56894],[17.38913,-28.57118],[17.39844,-28.56533],[17.41281,-28.56258],[17.42424,-28.56562],[17.43177,-28.57422],[17.43215,-28.58319],[17.42463,-28.6001],[17.4313,-28.61437],[17.4256,-28.63392],[17.428,-28.65026],[17.42635,-28.65633],[17.41397,-28.67117],[17.41727,-28.69608],[17.410442,-28.7147561],[17.4180182,-28.7212864],[17.4295253,-28.7221118],[17.4619962,-28.7025071],[17.4730387,-28.7051382],[17.48254,-28.69631],[17.49127,-28.69327],[17.542,-28.70109],[17.55291,-28.69572],[17.55539,-28.68875],[17.56838,-28.68559],[17.58979,-28.68881],[17.59886,-28.69465],[17.6091322,-28.7120426],[17.6121727,-28.7242626],[17.60877,-28.74524],[17.6114458,-28.753094],[17.6191728,-28.7644601],[17.6283105,-28.7654843],[17.6459688,-28.773953],[17.6660639,-28.7725588],[17.6785201,-28.7668456],[17.69263,-28.75029],[17.7050927,-28.7445211],[17.71447,-28.74822],[17.723077,-28.7597581],[17.7312121,-28.760215],[17.74261,-28.7423],[17.74951,-28.73991],[17.78141,-28.75791],[17.82078,-28.75528],[17.8287,-28.76101],[17.88032,-28.76389],[17.90722,-28.77244],[17.91227,-28.76521],[17.9176,-28.76409],[17.92622,-28.76952],[17.9353,-28.78747],[17.94479,-28.78916],[17.96277,-28.78502],[17.97454,-28.79387],[17.98209,-28.80647],[17.99352,-28.8095],[18.01244,-28.82803],[18.01169,-28.83454],[18.01467,-28.83914],[18.02637,-28.84638],[18.03448,-28.8617],[18.04607,-28.87427],[18.05876,-28.87694],[18.08312,-28.87065],[18.10073,-28.8773],[18.12781,-28.89508],[18.14675,-28.89251],[18.16205,-28.89739],[18.17461,-28.90355],[18.18844,-28.91615],[18.20069,-28.91075],[18.2193939,-28.8944816],[18.2456764,-28.8976871],[18.25316,-28.89594],[18.2594329,-28.881525],[18.2629359,-28.8795897],[18.30079,-28.88461],[18.3375365,-28.8839128],[18.35034,-28.88067],[18.36701,-28.89336],[18.42347,-28.90082],[18.44844,-28.89403],[18.47107,-28.88326],[18.48324,-28.88362],[18.5056,-28.8906],[18.51218,-28.88946],[18.53754,-28.86624],[18.5677,-28.85702],[18.5896879,-28.857886],[18.6028226,-28.8551634],[18.6286555,-28.8404494],[18.64296,-28.84003],[18.6605,-28.84421],[18.67118,-28.84135],[18.6888,-28.84219],[18.73003,-28.83164],[18.74988,-28.83407],[18.7793724,-28.844555],[18.78994,-28.84077],[18.81366,-28.84667],[18.82497,-28.84333],[18.84487,-28.84911],[18.85539,-28.84437],[18.90487,-28.85553],[18.93564,-28.85724],[18.961,-28.86951],[18.97224,-28.87053],[18.99305,-28.88717],[19.00912,-28.92925],[19.04199,-28.93139],[19.05633,-28.94068],[19.07241,-28.95803],[19.09785,-28.96577],[19.11892,-28.96945],[19.13559,-28.96076],[19.15506,-28.9619],[19.19666,-28.94702],[19.22396,-28.92344],[19.23151,-28.91068],[19.24499,-28.9026],[19.25482,-28.90194],[19.28279,-28.90925],[19.29582,-28.89443],[19.2965,-28.88569],[19.29034,-28.87697],[19.28174,-28.87203],[19.26741,-28.87143],[19.25637,-28.85775],[19.24952,-28.8373],[19.2421,-28.82758],[19.23924,-28.81301],[19.25787,-28.75966],[19.26883,-28.74268],[19.3021631,-28.7321175],[19.31867,-28.73737],[19.33374,-28.73607],[19.3509,-28.74298],[19.38717,-28.73375],[19.40365,-28.73682],[19.43111,-28.72029],[19.44331,-28.71816],[19.46682,-28.70609],[19.47997,-28.68758],[19.49148,-28.67961],[19.4951,-28.64242],[19.50202,-28.62933],[19.50072,-28.60813],[19.50387,-28.601],[19.5218414,-28.5906712],[19.53605,-28.58713],[19.54319,-28.57438],[19.54771,-28.55401],[19.54603,-28.54396],[19.5654488,-28.5272281],[19.58541,-28.5293],[19.59674,-28.52091],[19.6252,-28.51093],[19.66834,-28.53109],[19.67334,-28.52191],[19.6955616,-28.5181074],[19.7102424,-28.5071388],[19.71857,-28.49565],[19.7367408,-28.4862304],[19.76022,-28.48882],[19.77952,-28.50133],[19.81325,-28.5083],[19.82464,-28.50268],[19.84098,-28.48055],[19.83998,-28.47097],[19.84761,-28.45962],[19.86433,-28.45675],[19.87705,-28.44273],[19.8892692,-28.4407728],[19.91437,-28.44541],[19.94756,-28.43655],[19.97237,-28.42585],[19.9991543,-28.4277245],[19.9992025,-25.608926],[19.9231261,-25.626496],[19.9158055,-25.6000567],[19.7783681,-25.6539292],[19.7447854,-25.6749621],[19.6932533,-25.6391445],[19.6115213,-25.628841],[19.5652931,-25.6282188],[19.5498686,-25.5940829],[19.44891,-25.5791922],[19.3966554,-25.5804287],[19.3358177,-25.6400705],[19.3008687,-25.58155],[19.2200129,-25.4751775],[19.1782654,-25.5144663],[19.0805417,-25.558782],[18.945481,-25.5385921],[18.8107131,-25.5387017],[18.6836862,-25.5301776],[18.5665806,-25.5341183],[18.5696717,-25.4450056],[18.4839861,-25.4377112],[18.3834485,-25.4449149],[18.2128634,-25.4452846],[18.1235564,-25.4793319],[18.0966281,-25.502375],[17.9065236,-25.5473324],[17.8471211,-25.5557789],[17.8138934,-25.5564217],[17.7347468,-25.5710942],[17.6823949,-25.5713706],[17.6287248,-25.5813578],[17.5640267,-25.5766135],[17.5452167,-25.5727824],[17.5043126,-25.5540753],[17.4519316,-25.5528825],[17.4512818,-25.5575817],[17.4445832,-25.5607756],[17.4374695,-25.5579678],[17.4286657,-25.5597784],[17.4249988,-25.5577312],[17.420705,-25.5453621],[17.4100778,-25.5458926],[17.406134,-25.5537639],[17.3982127,-25.5555384],[17.3798664,-25.5700465],[17.3694379,-25.566727],[17.3441888,-25.5735052],[17.3395695,-25.5803923],[17.3390861,-25.5896523],[17.3287875,-25.5903006],[17.3292452,-25.7493781],[17.1518192,-25.6758328],[17.1068979,-25.710467],[17.0722506,-25.6988285],[16.9915755,-25.7263048],[16.9671332,-25.7297575],[16.9712688,-25.6787314],[16.8998998,-25.6422298],[16.8807549,-25.6410907],[16.8249725,-25.6456128],[16.8024051,-25.6130864],[16.6959721,-25.5861361],[16.6172203,-25.5767237],[16.5685614,-25.5842728],[16.5263527,-25.4950964],[16.4635281,-25.6431578],[16.4010753,-25.6512545],[16.3920039,-25.6213025],[16.4076137,-25.6114608],[16.416862,-25.591922],[16.411965,-25.577433],[16.389455,-25.577379],[16.3764155,-25.5535043],[16.2707428,-25.5873278],[16.2898857,-25.6960592],[16.337081,-25.8735172],[16.2648529,-25.8248112],[16.2006489,-25.8673824],[16.1255667,-25.7921187],[16.0812526,-25.7297811],[16.0595202,-25.7150424],[15.9926133,-25.6200783],[15.9640426,-25.5851871],[15.9143983,-25.4552689],[15.8360668,-25.2792263],[15.7745539,-25.002337],[14.8422444,-25.0045971],[14.8681712,-25.0577181],[14.8768937,-25.0914677],[14.8623991,-25.1096943],[14.8562837,-25.1242464],[14.849621,-25.1297637],[14.8504472,-25.1349505],[14.8417997,-25.1627263],[14.8434305,-25.1984953],[14.8297405,-25.2166573],[14.8112976,-25.2812752],[14.8072314,-25.2867611],[14.8027575,-25.2872704],[14.8020387,-25.2987459]]]}}]}